team1,team2,toss_winner,toss_decision,venue,winner
Sunrisers Hyderabad,Royal Challengers Bangalore,Royal Challengers Bangalore,field,"Rajiv Gandhi International Stadium, Uppal",Sunrisers Hyderabad
Mumbai Indians,Rising Pune Supergiant,Rising Pune Supergiant,field,Maharashtra Cricket Association Stadium,Rising Pune Supergiant
Gujarat Lions,Kolkata Knight Riders,Kolkata Knight Riders,field,Saurashtra Cricket Association Stadium,Kolkata Knight Riders
Rising Pune Supergiant,Kings XI Punjab,Kings XI Punjab,field,Holkar Cricket Stadium,Kings XI Punjab
Royal Challengers Bangalore,Delhi Daredevils,Royal Challengers Bangalore,bat,M Chinnaswamy Stadium,Royal Challengers Bangalore
Gujarat Lions,Sunrisers Hyderabad,Sunrisers Hyderabad,field,"Rajiv Gandhi International Stadium, Uppal",Sunrisers Hyderabad
Kolkata Knight Riders,Mumbai Indians,Mumbai Indians,field,Wankhede Stadium,Mumbai Indians
Royal Challengers Bangalore,Kings XI Punjab,Royal Challengers Bangalore,bat,Holkar Cricket Stadium,Kings XI Punjab
Delhi Daredevils,Rising Pune Supergiant,Rising Pune Supergiant,field,Maharashtra Cricket Association Stadium,Delhi Daredevils
Sunrisers Hyderabad,Mumbai Indians,Mumbai Indians,field,Wankhede Stadium,Mumbai Indians
Kings XI Punjab,Kolkata Knight Riders,Kolkata Knight Riders,field,Eden Gardens,Kolkata Knight Riders
Royal Challengers Bangalore,Mumbai Indians,Mumbai Indians,field,M Chinnaswamy Stadium,Mumbai Indians
Rising Pune Supergiant,Gujarat Lions,Gujarat Lions,field,Saurashtra Cricket Association Stadium,Gujarat Lions
Kolkata Knight Riders,Sunrisers Hyderabad,Sunrisers Hyderabad,field,Eden Gardens,Kolkata Knight Riders
Delhi Daredevils,Kings XI Punjab,Delhi Daredevils,bat,Feroz Shah Kotla,Delhi Daredevils
Gujarat Lions,Mumbai Indians,Mumbai Indians,field,Wankhede Stadium,Mumbai Indians
Rising Pune Supergiant,Royal Challengers Bangalore,Royal Challengers Bangalore,field,M Chinnaswamy Stadium,Rising Pune Supergiant
Delhi Daredevils,Kolkata Knight Riders,Delhi Daredevils,bat,Feroz Shah Kotla,Kolkata Knight Riders
Sunrisers Hyderabad,Kings XI Punjab,Kings XI Punjab,field,"Rajiv Gandhi International Stadium, Uppal",Sunrisers Hyderabad
Royal Challengers Bangalore,Gujarat Lions,Gujarat Lions,field,Saurashtra Cricket Association Stadium,Royal Challengers Bangalore
Sunrisers Hyderabad,Delhi Daredevils,Sunrisers Hyderabad,bat,"Rajiv Gandhi International Stadium, Uppal",Sunrisers Hyderabad
Kings XI Punjab,Mumbai Indians,Mumbai Indians,field,Holkar Cricket Stadium,Mumbai Indians
Kolkata Knight Riders,Gujarat Lions,Gujarat Lions,field,Eden Gardens,Gujarat Lions
Mumbai Indians,Delhi Daredevils,Delhi Daredevils,field,Wankhede Stadium,Mumbai Indians
Sunrisers Hyderabad,Rising Pune Supergiant,Rising Pune Supergiant,field,Maharashtra Cricket Association Stadium,Rising Pune Supergiant
Kings XI Punjab,Gujarat Lions,Gujarat Lions,field,Saurashtra Cricket Association Stadium,Kings XI Punjab
Kolkata Knight Riders,Royal Challengers Bangalore,Royal Challengers Bangalore,field,Eden Gardens,Kolkata Knight Riders
Rising Pune Supergiant,Mumbai Indians,Mumbai Indians,field,Wankhede Stadium,Rising Pune Supergiant
Rising Pune Supergiant,Kolkata Knight Riders,Kolkata Knight Riders,field,Maharashtra Cricket Association Stadium,Kolkata Knight Riders
Royal Challengers Bangalore,Gujarat Lions,Gujarat Lions,field,M Chinnaswamy Stadium,Gujarat Lions
Delhi Daredevils,Kolkata Knight Riders,Kolkata Knight Riders,field,Eden Gardens,Kolkata Knight Riders
Sunrisers Hyderabad,Kings XI Punjab,Kings XI Punjab,field,"Punjab Cricket Association IS Bindra Stadium, Mohali",Sunrisers Hyderabad
Rising Pune Supergiant,Royal Challengers Bangalore,Royal Challengers Bangalore,field,Maharashtra Cricket Association Stadium,Rising Pune Supergiant
Gujarat Lions,Mumbai Indians,Gujarat Lions,bat,Saurashtra Cricket Association Stadium,Mumbai Indians
Delhi Daredevils,Kings XI Punjab,Kings XI Punjab,field,"Punjab Cricket Association IS Bindra Stadium, Mohali",Kings XI Punjab
Sunrisers Hyderabad,Kolkata Knight Riders,Kolkata Knight Riders,field,"Rajiv Gandhi International Stadium, Uppal",Sunrisers Hyderabad
Royal Challengers Bangalore,Mumbai Indians,Royal Challengers Bangalore,bat,Wankhede Stadium,Mumbai Indians
Gujarat Lions,Rising Pune Supergiant,Rising Pune Supergiant,field,Maharashtra Cricket Association Stadium,Rising Pune Supergiant
Sunrisers Hyderabad,Delhi Daredevils,Delhi Daredevils,field,Feroz Shah Kotla,Delhi Daredevils
Kolkata Knight Riders,Rising Pune Supergiant,Rising Pune Supergiant,field,Eden Gardens,Rising Pune Supergiant
Gujarat Lions,Delhi Daredevils,Delhi Daredevils,field,Feroz Shah Kotla,Delhi Daredevils
Kings XI Punjab,Royal Challengers Bangalore,Royal Challengers Bangalore,field,M Chinnaswamy Stadium,Kings XI Punjab
Rising Pune Supergiant,Sunrisers Hyderabad,Sunrisers Hyderabad,field,"Rajiv Gandhi International Stadium, Uppal",Rising Pune Supergiant
Mumbai Indians,Delhi Daredevils,Delhi Daredevils,field,Feroz Shah Kotla,Mumbai Indians
Royal Challengers Bangalore,Kolkata Knight Riders,Kolkata Knight Riders,field,M Chinnaswamy Stadium,Kolkata Knight Riders
Kings XI Punjab,Gujarat Lions,Gujarat Lions,field,"Punjab Cricket Association IS Bindra Stadium, Mohali",Gujarat Lions
Mumbai Indians,Sunrisers Hyderabad,Mumbai Indians,bat,"Rajiv Gandhi International Stadium, Uppal",Sunrisers Hyderabad
Kings XI Punjab,Kolkata Knight Riders,Kolkata Knight Riders,field,"Punjab Cricket Association IS Bindra Stadium, Mohali",Kings XI Punjab
Gujarat Lions,Delhi Daredevils,Delhi Daredevils,field,Green Park,Delhi Daredevils
Kings XI Punjab,Mumbai Indians,Mumbai Indians,field,Wankhede Stadium,Kings XI Punjab
Delhi Daredevils,Rising Pune Supergiant,Delhi Daredevils,bat,Feroz Shah Kotla,Delhi Daredevils
Gujarat Lions,Sunrisers Hyderabad,Sunrisers Hyderabad,field,Green Park,Sunrisers Hyderabad
Mumbai Indians,Kolkata Knight Riders,Kolkata Knight Riders,field,Eden Gardens,Mumbai Indians
Kings XI Punjab,Rising Pune Supergiant,Rising Pune Supergiant,field,Maharashtra Cricket Association Stadium,Rising Pune Supergiant
Royal Challengers Bangalore,Delhi Daredevils,Royal Challengers Bangalore,bat,Feroz Shah Kotla,Royal Challengers Bangalore
Rising Pune Supergiant,Mumbai Indians,Mumbai Indians,field,Wankhede Stadium,Rising Pune Supergiant
Sunrisers Hyderabad,Kolkata Knight Riders,Kolkata Knight Riders,field,M Chinnaswamy Stadium,Kolkata Knight Riders
Kolkata Knight Riders,Mumbai Indians,Mumbai Indians,field,M Chinnaswamy Stadium,Mumbai Indians
Mumbai Indians,Rising Pune Supergiant,Mumbai Indians,bat,"Rajiv Gandhi International Stadium, Uppal",Mumbai Indians
Kolkata Knight Riders,Royal Challengers Bangalore,Royal Challengers Bangalore,field,M Chinnaswamy Stadium,Kolkata Knight Riders
Chennai Super Kings,Kings XI Punjab,Chennai Super Kings,bat,"Punjab Cricket Association Stadium, Mohali",Chennai Super Kings
Rajasthan Royals,Delhi Daredevils,Rajasthan Royals,bat,Feroz Shah Kotla,Delhi Daredevils
Mumbai Indians,Royal Challengers Bangalore,Mumbai Indians,bat,Wankhede Stadium,Royal Challengers Bangalore
Deccan Chargers,Kolkata Knight Riders,Deccan Chargers,bat,Eden Gardens,Kolkata Knight Riders
Kings XI Punjab,Rajasthan Royals,Kings XI Punjab,bat,Sawai Mansingh Stadium,Rajasthan Royals
Deccan Chargers,Delhi Daredevils,Deccan Chargers,bat,"Rajiv Gandhi International Stadium, Uppal",Delhi Daredevils
Chennai Super Kings,Mumbai Indians,Mumbai Indians,field,"MA Chidambaram Stadium, Chepauk",Chennai Super Kings
Deccan Chargers,Rajasthan Royals,Rajasthan Royals,field,"Rajiv Gandhi International Stadium, Uppal",Rajasthan Royals
Kings XI Punjab,Mumbai Indians,Mumbai Indians,field,"Punjab Cricket Association Stadium, Mohali",Kings XI Punjab
Royal Challengers Bangalore,Rajasthan Royals,Rajasthan Royals,field,M Chinnaswamy Stadium,Rajasthan Royals
Kolkata Knight Riders,Chennai Super Kings,Kolkata Knight Riders,bat,"MA Chidambaram Stadium, Chepauk",Chennai Super Kings
Mumbai Indians,Deccan Chargers,Deccan Chargers,field,Dr DY Patil Sports Academy,Deccan Chargers
Delhi Daredevils,Kings XI Punjab,Delhi Daredevils,bat,"Punjab Cricket Association Stadium, Mohali",Kings XI Punjab
Chennai Super Kings,Royal Challengers Bangalore,Chennai Super Kings,bat,M Chinnaswamy Stadium,Chennai Super Kings
Kolkata Knight Riders,Mumbai Indians,Kolkata Knight Riders,bat,Eden Gardens,Mumbai Indians
Delhi Daredevils,Royal Challengers Bangalore,Royal Challengers Bangalore,field,Feroz Shah Kotla,Delhi Daredevils
Deccan Chargers,Kings XI Punjab,Kings XI Punjab,field,"Rajiv Gandhi International Stadium, Uppal",Kings XI Punjab
Rajasthan Royals,Kolkata Knight Riders,Rajasthan Royals,bat,Sawai Mansingh Stadium,Rajasthan Royals
Chennai Super Kings,Delhi Daredevils,Chennai Super Kings,bat,"MA Chidambaram Stadium, Chepauk",Delhi Daredevils
Deccan Chargers,Royal Challengers Bangalore,Deccan Chargers,bat,"Rajiv Gandhi International Stadium, Uppal",Royal Challengers Bangalore
Kings XI Punjab,Kolkata Knight Riders,Kings XI Punjab,bat,"Punjab Cricket Association Stadium, Mohali",Kings XI Punjab
Mumbai Indians,Delhi Daredevils,Delhi Daredevils,field,Dr DY Patil Sports Academy,Mumbai Indians
Chennai Super Kings,Rajasthan Royals,Chennai Super Kings,bat,Sawai Mansingh Stadium,Rajasthan Royals
Royal Challengers Bangalore,Kings XI Punjab,Kings XI Punjab,field,M Chinnaswamy Stadium,Kings XI Punjab
Chennai Super Kings,Deccan Chargers,Deccan Chargers,field,"MA Chidambaram Stadium, Chepauk",Deccan Chargers
Rajasthan Royals,Mumbai Indians,Mumbai Indians,field,Dr DY Patil Sports Academy,Mumbai Indians
Delhi Daredevils,Chennai Super Kings,Chennai Super Kings,field,Feroz Shah Kotla,Chennai Super Kings
Kolkata Knight Riders,Royal Challengers Bangalore,Kolkata Knight Riders,bat,Eden Gardens,Kolkata Knight Riders
Deccan Chargers,Rajasthan Royals,Rajasthan Royals,field,Sawai Mansingh Stadium,Rajasthan Royals
Royal Challengers Bangalore,Mumbai Indians,Mumbai Indians,field,M Chinnaswamy Stadium,Mumbai Indians
Chennai Super Kings,Kings XI Punjab,Kings XI Punjab,field,"MA Chidambaram Stadium, Chepauk",Chennai Super Kings
Kolkata Knight Riders,Deccan Chargers,Kolkata Knight Riders,bat,"Rajiv Gandhi International Stadium, Uppal",Kolkata Knight Riders
Delhi Daredevils,Rajasthan Royals,Rajasthan Royals,field,Sawai Mansingh Stadium,Rajasthan Royals
Royal Challengers Bangalore,Kings XI Punjab,Royal Challengers Bangalore,bat,"Punjab Cricket Association Stadium, Mohali",Kings XI Punjab
Kolkata Knight Riders,Delhi Daredevils,Kolkata Knight Riders,bat,Eden Gardens,Kolkata Knight Riders
Chennai Super Kings,Mumbai Indians,Mumbai Indians,field,Wankhede Stadium,Mumbai Indians
Kings XI Punjab,Rajasthan Royals,Rajasthan Royals,field,"Punjab Cricket Association Stadium, Mohali",Kings XI Punjab
Delhi Daredevils,Deccan Chargers,Deccan Chargers,field,Feroz Shah Kotla,Delhi Daredevils
Kolkata Knight Riders,Mumbai Indians,Mumbai Indians,field,Wankhede Stadium,Mumbai Indians
Delhi Daredevils,Kings XI Punjab,Delhi Daredevils,bat,Feroz Shah Kotla,Kings XI Punjab
Rajasthan Royals,Royal Challengers Bangalore,Royal Challengers Bangalore,field,Sawai Mansingh Stadium,Rajasthan Royals
Mumbai Indians,Deccan Chargers,Deccan Chargers,field,"Rajiv Gandhi International Stadium, Uppal",Mumbai Indians
Kolkata Knight Riders,Chennai Super Kings,Kolkata Knight Riders,bat,Eden Gardens,Chennai Super Kings
Royal Challengers Bangalore,Delhi Daredevils,Delhi Daredevils,field,M Chinnaswamy Stadium,Delhi Daredevils
Kolkata Knight Riders,Rajasthan Royals,Rajasthan Royals,field,Eden Gardens,Rajasthan Royals
Kings XI Punjab,Mumbai Indians,Mumbai Indians,field,Wankhede Stadium,Kings XI Punjab
Royal Challengers Bangalore,Chennai Super Kings,Royal Challengers Bangalore,bat,"MA Chidambaram Stadium, Chepauk",Royal Challengers Bangalore
Deccan Chargers,Kings XI Punjab,Kings XI Punjab,field,"Punjab Cricket Association Stadium, Mohali",Kings XI Punjab
Mumbai Indians,Delhi Daredevils,Delhi Daredevils,field,Feroz Shah Kotla,Delhi Daredevils
Rajasthan Royals,Chennai Super Kings,Rajasthan Royals,bat,"MA Chidambaram Stadium, Chepauk",Rajasthan Royals
Royal Challengers Bangalore,Deccan Chargers,Deccan Chargers,field,M Chinnaswamy Stadium,Royal Challengers Bangalore
Kings XI Punjab,Kolkata Knight Riders,Kings XI Punjab,bat,Eden Gardens,Kolkata Knight Riders
Mumbai Indians,Rajasthan Royals,Rajasthan Royals,field,Sawai Mansingh Stadium,Rajasthan Royals
Deccan Chargers,Chennai Super Kings,Deccan Chargers,bat,"Rajiv Gandhi International Stadium, Uppal",Chennai Super Kings
Rajasthan Royals,Delhi Daredevils,Delhi Daredevils,field,Wankhede Stadium,Rajasthan Royals
Kings XI Punjab,Chennai Super Kings,Kings XI Punjab,bat,Wankhede Stadium,Chennai Super Kings
Chennai Super Kings,Rajasthan Royals,Rajasthan Royals,field,Dr DY Patil Sports Academy,Rajasthan Royals
Mumbai Indians,Chennai Super Kings,Chennai Super Kings,field,Newlands,Mumbai Indians
Royal Challengers Bangalore,Rajasthan Royals,Royal Challengers Bangalore,bat,Newlands,Royal Challengers Bangalore
Kings XI Punjab,Delhi Daredevils,Delhi Daredevils,field,Newlands,Delhi Daredevils
Kolkata Knight Riders,Deccan Chargers,Kolkata Knight Riders,bat,Newlands,Deccan Chargers
Chennai Super Kings,Royal Challengers Bangalore,Chennai Super Kings,bat,St George's Park,Chennai Super Kings
Kings XI Punjab,Kolkata Knight Riders,Kolkata Knight Riders,field,Kingsmead,Kolkata Knight Riders
Deccan Chargers,Royal Challengers Bangalore,Deccan Chargers,bat,Newlands,Deccan Chargers
Delhi Daredevils,Chennai Super Kings,Delhi Daredevils,bat,Kingsmead,Delhi Daredevils
Rajasthan Royals,Kolkata Knight Riders,Kolkata Knight Riders,field,Newlands,Rajasthan Royals
Royal Challengers Bangalore,Kings XI Punjab,Royal Challengers Bangalore,bat,Kingsmead,Kings XI Punjab
Deccan Chargers,Mumbai Indians,Deccan Chargers,bat,Kingsmead,Deccan Chargers
Royal Challengers Bangalore,Delhi Daredevils,Royal Challengers Bangalore,bat,St George's Park,Delhi Daredevils
Kings XI Punjab,Rajasthan Royals,Kings XI Punjab,bat,Newlands,Kings XI Punjab
Chennai Super Kings,Deccan Chargers,Deccan Chargers,field,Kingsmead,Deccan Chargers
Mumbai Indians,Kolkata Knight Riders,Mumbai Indians,bat,St George's Park,Mumbai Indians
Delhi Daredevils,Rajasthan Royals,Delhi Daredevils,bat,SuperSport Park,Rajasthan Royals
Kolkata Knight Riders,Royal Challengers Bangalore,Kolkata Knight Riders,bat,Kingsmead,Royal Challengers Bangalore
Kings XI Punjab,Mumbai Indians,Kings XI Punjab,bat,Kingsmead,Kings XI Punjab
Deccan Chargers,Delhi Daredevils,Delhi Daredevils,field,SuperSport Park,Delhi Daredevils
Chennai Super Kings,Rajasthan Royals,Rajasthan Royals,field,SuperSport Park,Chennai Super Kings
Mumbai Indians,Kolkata Knight Riders,Mumbai Indians,bat,Buffalo Park,Mumbai Indians
Royal Challengers Bangalore,Kings XI Punjab,Royal Challengers Bangalore,bat,Kingsmead,Royal Challengers Bangalore
Deccan Chargers,Rajasthan Royals,Deccan Chargers,bat,St George's Park,Rajasthan Royals
Chennai Super Kings,Delhi Daredevils,Delhi Daredevils,field,New Wanderers Stadium,Chennai Super Kings
Kolkata Knight Riders,Kings XI Punjab,Kolkata Knight Riders,bat,St George's Park,Kings XI Punjab
Mumbai Indians,Royal Challengers Bangalore,Mumbai Indians,bat,New Wanderers Stadium,Royal Challengers Bangalore
Chennai Super Kings,Deccan Chargers,Chennai Super Kings,bat,Buffalo Park,Chennai Super Kings
Rajasthan Royals,Kings XI Punjab,Kings XI Punjab,field,Kingsmead,Rajasthan Royals
Kolkata Knight Riders,Delhi Daredevils,Kolkata Knight Riders,bat,Kingsmead,Delhi Daredevils
Deccan Chargers,Mumbai Indians,Deccan Chargers,bat,SuperSport Park,Deccan Chargers
Royal Challengers Bangalore,Rajasthan Royals,Rajasthan Royals,field,SuperSport Park,Rajasthan Royals
Chennai Super Kings,Kings XI Punjab,Chennai Super Kings,bat,SuperSport Park,Chennai Super Kings
Mumbai Indians,Delhi Daredevils,Mumbai Indians,bat,Buffalo Park,Delhi Daredevils
Deccan Chargers,Kings XI Punjab,Kings XI Punjab,field,De Beers Diamond Oval,Kings XI Punjab
Rajasthan Royals,Chennai Super Kings,Rajasthan Royals,bat,De Beers Diamond Oval,Chennai Super Kings
Mumbai Indians,Royal Challengers Bangalore,Mumbai Indians,bat,St George's Park,Mumbai Indians
Kolkata Knight Riders,Delhi Daredevils,Delhi Daredevils,field,New Wanderers Stadium,Delhi Daredevils
Deccan Chargers,Rajasthan Royals,Deccan Chargers,bat,De Beers Diamond Oval,Deccan Chargers
Kolkata Knight Riders,Royal Challengers Bangalore,Royal Challengers Bangalore,field,SuperSport Park,Royal Challengers Bangalore
Kings XI Punjab,Mumbai Indians,Kings XI Punjab,bat,SuperSport Park,Mumbai Indians
Delhi Daredevils,Deccan Chargers,Deccan Chargers,field,Kingsmead,Delhi Daredevils
Chennai Super Kings,Royal Challengers Bangalore,Chennai Super Kings,bat,Kingsmead,Royal Challengers Bangalore
Rajasthan Royals,Mumbai Indians,Rajasthan Royals,bat,Kingsmead,Rajasthan Royals
Delhi Daredevils,Kings XI Punjab,Kings XI Punjab,field,OUTsurance Oval,Kings XI Punjab
Mumbai Indians,Chennai Super Kings,Mumbai Indians,bat,St George's Park,Chennai Super Kings
Kolkata Knight Riders,Deccan Chargers,Deccan Chargers,field,New Wanderers Stadium,Deccan Chargers
Kings XI Punjab,Deccan Chargers,Deccan Chargers,field,New Wanderers Stadium,Kings XI Punjab
Delhi Daredevils,Rajasthan Royals,Delhi Daredevils,bat,OUTsurance Oval,Delhi Daredevils
Chennai Super Kings,Kolkata Knight Riders,Chennai Super Kings,bat,SuperSport Park,Kolkata Knight Riders
Delhi Daredevils,Royal Challengers Bangalore,Delhi Daredevils,bat,New Wanderers Stadium,Royal Challengers Bangalore
Rajasthan Royals,Kolkata Knight Riders,Kolkata Knight Riders,field,Kingsmead,Kolkata Knight Riders
Chennai Super Kings,Kings XI Punjab,Chennai Super Kings,bat,Kingsmead,Chennai Super Kings
Mumbai Indians,Delhi Daredevils,Delhi Daredevils,field,SuperSport Park,Delhi Daredevils
Royal Challengers Bangalore,Deccan Chargers,Royal Challengers Bangalore,bat,SuperSport Park,Royal Challengers Bangalore
Delhi Daredevils,Deccan Chargers,Deccan Chargers,field,SuperSport Park,Deccan Chargers
Chennai Super Kings,Royal Challengers Bangalore,Royal Challengers Bangalore,field,New Wanderers Stadium,Royal Challengers Bangalore
Deccan Chargers,Royal Challengers Bangalore,Royal Challengers Bangalore,field,New Wanderers Stadium,Deccan Chargers
Kolkata Knight Riders,Deccan Chargers,Deccan Chargers,field,Dr DY Patil Sports Academy,Kolkata Knight Riders
Mumbai Indians,Rajasthan Royals,Mumbai Indians,bat,Brabourne Stadium,Mumbai Indians
Kings XI Punjab,Delhi Daredevils,Delhi Daredevils,field,"Punjab Cricket Association Stadium, Mohali",Delhi Daredevils
Royal Challengers Bangalore,Kolkata Knight Riders,Kolkata Knight Riders,field,Eden Gardens,Kolkata Knight Riders
Deccan Chargers,Chennai Super Kings,Deccan Chargers,bat,"MA Chidambaram Stadium, Chepauk",Deccan Chargers
Rajasthan Royals,Delhi Daredevils,Delhi Daredevils,field,"Sardar Patel Stadium, Motera",Delhi Daredevils
Kings XI Punjab,Royal Challengers Bangalore,Kings XI Punjab,bat,M Chinnaswamy Stadium,Royal Challengers Bangalore
Chennai Super Kings,Kolkata Knight Riders,Chennai Super Kings,bat,Eden Gardens,Chennai Super Kings
Mumbai Indians,Delhi Daredevils,Delhi Daredevils,field,Feroz Shah Kotla,Mumbai Indians
Rajasthan Royals,Royal Challengers Bangalore,Royal Challengers Bangalore,field,M Chinnaswamy Stadium,Royal Challengers Bangalore
Delhi Daredevils,Chennai Super Kings,Delhi Daredevils,bat,Feroz Shah Kotla,Chennai Super Kings
Deccan Chargers,Kings XI Punjab,Kings XI Punjab,field,Barabati Stadium,Deccan Chargers
Rajasthan Royals,Kolkata Knight Riders,Rajasthan Royals,bat,"Sardar Patel Stadium, Motera",Rajasthan Royals
Mumbai Indians,Royal Challengers Bangalore,Mumbai Indians,bat,Brabourne Stadium,Royal Challengers Bangalore
Deccan Chargers,Delhi Daredevils,Deccan Chargers,bat,Barabati Stadium,Deccan Chargers
Kings XI Punjab,Chennai Super Kings,Chennai Super Kings,field,"MA Chidambaram Stadium, Chepauk",Kings XI Punjab
Kolkata Knight Riders,Mumbai Indians,Kolkata Knight Riders,bat,Brabourne Stadium,Mumbai Indians
Royal Challengers Bangalore,Chennai Super Kings,Chennai Super Kings,field,M Chinnaswamy Stadium,Royal Challengers Bangalore
Rajasthan Royals,Kings XI Punjab,Kings XI Punjab,field,"Punjab Cricket Association Stadium, Mohali",Rajasthan Royals
Chennai Super Kings,Mumbai Indians,Mumbai Indians,field,Brabourne Stadium,Mumbai Indians
Deccan Chargers,Rajasthan Royals,Deccan Chargers,bat,"Sardar Patel Stadium, Motera",Rajasthan Royals
Kolkata Knight Riders,Kings XI Punjab,Kolkata Knight Riders,bat,"Punjab Cricket Association Stadium, Mohali",Kolkata Knight Riders
Delhi Daredevils,Royal Challengers Bangalore,Royal Challengers Bangalore,field,M Chinnaswamy Stadium,Delhi Daredevils
Rajasthan Royals,Chennai Super Kings,Rajasthan Royals,bat,"Sardar Patel Stadium, Motera",Rajasthan Royals
Mumbai Indians,Deccan Chargers,Deccan Chargers,field,Dr DY Patil Sports Academy,Mumbai Indians
Delhi Daredevils,Kolkata Knight Riders,Delhi Daredevils,bat,Feroz Shah Kotla,Delhi Daredevils
Kings XI Punjab,Mumbai Indians,Mumbai Indians,field,Brabourne Stadium,Mumbai Indians
Royal Challengers Bangalore,Chennai Super Kings,Royal Challengers Bangalore,bat,"MA Chidambaram Stadium, Chepauk",Chennai Super Kings
Delhi Daredevils,Rajasthan Royals,Delhi Daredevils,bat,Feroz Shah Kotla,Delhi Daredevils
Kolkata Knight Riders,Deccan Chargers,Kolkata Knight Riders,bat,Eden Gardens,Kolkata Knight Riders
Kings XI Punjab,Royal Challengers Bangalore,Kings XI Punjab,bat,"Punjab Cricket Association Stadium, Mohali",Royal Challengers Bangalore
Chennai Super Kings,Rajasthan Royals,Chennai Super Kings,bat,"MA Chidambaram Stadium, Chepauk",Chennai Super Kings
Mumbai Indians,Deccan Chargers,Mumbai Indians,bat,Brabourne Stadium,Mumbai Indians
Kolkata Knight Riders,Kings XI Punjab,Kolkata Knight Riders,bat,Eden Gardens,Kings XI Punjab
Delhi Daredevils,Royal Challengers Bangalore,Delhi Daredevils,bat,Feroz Shah Kotla,Delhi Daredevils
Rajasthan Royals,Deccan Chargers,Rajasthan Royals,bat,"Vidarbha Cricket Association Stadium, Jamtha",Rajasthan Royals
Chennai Super Kings,Mumbai Indians,Chennai Super Kings,bat,"MA Chidambaram Stadium, Chepauk",Chennai Super Kings
Kings XI Punjab,Rajasthan Royals,Kings XI Punjab,bat,Sawai Mansingh Stadium,Rajasthan Royals
Kolkata Knight Riders,Delhi Daredevils,Kolkata Knight Riders,bat,Eden Gardens,Kolkata Knight Riders
Royal Challengers Bangalore,Deccan Chargers,Deccan Chargers,field,M Chinnaswamy Stadium,Deccan Chargers
Mumbai Indians,Kings XI Punjab,Mumbai Indians,bat,"Punjab Cricket Association Stadium, Mohali",Kings XI Punjab
Chennai Super Kings,Deccan Chargers,Chennai Super Kings,bat,"Vidarbha Cricket Association Stadium, Jamtha",Deccan Chargers
Kolkata Knight Riders,Royal Challengers Bangalore,Royal Challengers Bangalore,field,M Chinnaswamy Stadium,Royal Challengers Bangalore
Delhi Daredevils,Kings XI Punjab,Delhi Daredevils,bat,Feroz Shah Kotla,Kings XI Punjab
Mumbai Indians,Rajasthan Royals,Rajasthan Royals,field,Sawai Mansingh Stadium,Mumbai Indians
Deccan Chargers,Royal Challengers Bangalore,Royal Challengers Bangalore,field,"Vidarbha Cricket Association Stadium, Jamtha",Deccan Chargers
Mumbai Indians,Delhi Daredevils,Mumbai Indians,bat,Brabourne Stadium,Mumbai Indians
Kolkata Knight Riders,Chennai Super Kings,Kolkata Knight Riders,bat,"MA Chidambaram Stadium, Chepauk",Chennai Super Kings
Rajasthan Royals,Royal Challengers Bangalore,Rajasthan Royals,bat,Sawai Mansingh Stadium,Royal Challengers Bangalore
Chennai Super Kings,Delhi Daredevils,Chennai Super Kings,bat,"MA Chidambaram Stadium, Chepauk",Delhi Daredevils
Kings XI Punjab,Deccan Chargers,Deccan Chargers,field,Himachal Pradesh Cricket Association Stadium,Deccan Chargers
Mumbai Indians,Royal Challengers Bangalore,Royal Challengers Bangalore,field,M Chinnaswamy Stadium,Mumbai Indians
Rajasthan Royals,Kolkata Knight Riders,Rajasthan Royals,bat,Eden Gardens,Kolkata Knight Riders
Kings XI Punjab,Chennai Super Kings,Chennai Super Kings,field,Himachal Pradesh Cricket Association Stadium,Chennai Super Kings
Deccan Chargers,Delhi Daredevils,Deccan Chargers,bat,Feroz Shah Kotla,Deccan Chargers
Mumbai Indians,Kolkata Knight Riders,Mumbai Indians,bat,Eden Gardens,Kolkata Knight Riders
Mumbai Indians,Royal Challengers Bangalore,Mumbai Indians,bat,Dr DY Patil Sports Academy,Mumbai Indians
Chennai Super Kings,Deccan Chargers,Chennai Super Kings,bat,Dr DY Patil Sports Academy,Chennai Super Kings
Deccan Chargers,Royal Challengers Bangalore,Deccan Chargers,bat,Dr DY Patil Sports Academy,Royal Challengers Bangalore
Chennai Super Kings,Mumbai Indians,Chennai Super Kings,bat,Dr DY Patil Sports Academy,Chennai Super Kings
Chennai Super Kings,Kolkata Knight Riders,Chennai Super Kings,bat,"MA Chidambaram Stadium, Chepauk",Chennai Super Kings
Deccan Chargers,Rajasthan Royals,Rajasthan Royals,field,"Rajiv Gandhi International Stadium, Uppal",Rajasthan Royals
Kochi Tuskers Kerala,Royal Challengers Bangalore,Kochi Tuskers Kerala,bat,Nehru Stadium,Royal Challengers Bangalore
Delhi Daredevils,Mumbai Indians,Delhi Daredevils,bat,Feroz Shah Kotla,Mumbai Indians
Kings XI Punjab,Pune Warriors,Kings XI Punjab,bat,Dr DY Patil Sports Academy,Pune Warriors
Kolkata Knight Riders,Deccan Chargers,Kolkata Knight Riders,bat,Eden Gardens,Kolkata Knight Riders
Delhi Daredevils,Rajasthan Royals,Delhi Daredevils,bat,Sawai Mansingh Stadium,Rajasthan Royals
Royal Challengers Bangalore,Mumbai Indians,Mumbai Indians,field,M Chinnaswamy Stadium,Mumbai Indians
Chennai Super Kings,Kings XI Punjab,Kings XI Punjab,field,"Punjab Cricket Association Stadium, Mohali",Kings XI Punjab
Kochi Tuskers Kerala,Pune Warriors,Kochi Tuskers Kerala,bat,Dr DY Patil Sports Academy,Pune Warriors
Deccan Chargers,Royal Challengers Bangalore,Royal Challengers Bangalore,field,"Rajiv Gandhi International Stadium, Uppal",Deccan Chargers
Rajasthan Royals,Kolkata Knight Riders,Kolkata Knight Riders,field,Sawai Mansingh Stadium,Kolkata Knight Riders
Mumbai Indians,Kochi Tuskers Kerala,Kochi Tuskers Kerala,field,Wankhede Stadium,Kochi Tuskers Kerala
Chennai Super Kings,Royal Challengers Bangalore,Chennai Super Kings,bat,"MA Chidambaram Stadium, Chepauk",Chennai Super Kings
Deccan Chargers,Kings XI Punjab,Kings XI Punjab,field,"Rajiv Gandhi International Stadium, Uppal",Kings XI Punjab
Pune Warriors,Delhi Daredevils,Delhi Daredevils,field,Dr DY Patil Sports Academy,Delhi Daredevils
Rajasthan Royals,Kolkata Knight Riders,Kolkata Knight Riders,field,Eden Gardens,Kolkata Knight Riders
Chennai Super Kings,Kochi Tuskers Kerala,Kochi Tuskers Kerala,field,Nehru Stadium,Kochi Tuskers Kerala
Deccan Chargers,Delhi Daredevils,Deccan Chargers,bat,Feroz Shah Kotla,Deccan Chargers
Pune Warriors,Mumbai Indians,Pune Warriors,bat,Wankhede Stadium,Mumbai Indians
Kochi Tuskers Kerala,Kolkata Knight Riders,Kolkata Knight Riders,field,Eden Gardens,Kochi Tuskers Kerala
Kings XI Punjab,Rajasthan Royals,Rajasthan Royals,field,"Punjab Cricket Association Stadium, Mohali",Kings XI Punjab
Mumbai Indians,Chennai Super Kings,Chennai Super Kings,field,Wankhede Stadium,Mumbai Indians
Kolkata Knight Riders,Royal Challengers Bangalore,Royal Challengers Bangalore,field,Eden Gardens,Royal Challengers Bangalore
Delhi Daredevils,Kings XI Punjab,Kings XI Punjab,field,Feroz Shah Kotla,Delhi Daredevils
Mumbai Indians,Deccan Chargers,Deccan Chargers,field,"Rajiv Gandhi International Stadium, Uppal",Mumbai Indians
Kochi Tuskers Kerala,Rajasthan Royals,Rajasthan Royals,field,Sawai Mansingh Stadium,Rajasthan Royals
Chennai Super Kings,Pune Warriors,Pune Warriors,field,"MA Chidambaram Stadium, Chepauk",Chennai Super Kings
Delhi Daredevils,Royal Challengers Bangalore,Royal Challengers Bangalore,field,Feroz Shah Kotla,Royal Challengers Bangalore
Pune Warriors,Chennai Super Kings,Pune Warriors,bat,Dr DY Patil Sports Academy,Chennai Super Kings
Deccan Chargers,Kochi Tuskers Kerala,Kochi Tuskers Kerala,field,Nehru Stadium,Deccan Chargers
Kolkata Knight Riders,Delhi Daredevils,Delhi Daredevils,field,Feroz Shah Kotla,Kolkata Knight Riders
Mumbai Indians,Rajasthan Royals,Rajasthan Royals,field,Sawai Mansingh Stadium,Rajasthan Royals
Royal Challengers Bangalore,Pune Warriors,Pune Warriors,field,M Chinnaswamy Stadium,Royal Challengers Bangalore
Delhi Daredevils,Kochi Tuskers Kerala,Delhi Daredevils,bat,Nehru Stadium,Delhi Daredevils
Kings XI Punjab,Kolkata Knight Riders,Kolkata Knight Riders,field,Eden Gardens,Kolkata Knight Riders
Pune Warriors,Rajasthan Royals,Rajasthan Royals,field,Sawai Mansingh Stadium,Rajasthan Royals
Chennai Super Kings,Deccan Chargers,Chennai Super Kings,bat,"MA Chidambaram Stadium, Chepauk",Chennai Super Kings
Mumbai Indians,Kings XI Punjab,Kings XI Punjab,field,Wankhede Stadium,Mumbai Indians
Delhi Daredevils,Kochi Tuskers Kerala,Kochi Tuskers Kerala,field,Feroz Shah Kotla,Kochi Tuskers Kerala
Kolkata Knight Riders,Deccan Chargers,Deccan Chargers,field,"Rajiv Gandhi International Stadium, Uppal",Kolkata Knight Riders
Rajasthan Royals,Chennai Super Kings,Rajasthan Royals,bat,"MA Chidambaram Stadium, Chepauk",Chennai Super Kings
Mumbai Indians,Pune Warriors,Pune Warriors,field,Dr DY Patil Sports Academy,Mumbai Indians
Kochi Tuskers Kerala,Kolkata Knight Riders,Kolkata Knight Riders,field,Nehru Stadium,Kochi Tuskers Kerala
Deccan Chargers,Delhi Daredevils,Delhi Daredevils,field,"Rajiv Gandhi International Stadium, Uppal",Delhi Daredevils
Royal Challengers Bangalore,Kings XI Punjab,Kings XI Punjab,field,M Chinnaswamy Stadium,Royal Challengers Bangalore
Chennai Super Kings,Kolkata Knight Riders,Chennai Super Kings,bat,Eden Gardens,Kolkata Knight Riders
Mumbai Indians,Delhi Daredevils,Delhi Daredevils,field,Wankhede Stadium,Mumbai Indians
Kochi Tuskers Kerala,Royal Challengers Bangalore,Kochi Tuskers Kerala,bat,M Chinnaswamy Stadium,Royal Challengers Bangalore
Kings XI Punjab,Pune Warriors,Kings XI Punjab,bat,"Punjab Cricket Association Stadium, Mohali",Pune Warriors
Chennai Super Kings,Rajasthan Royals,Rajasthan Royals,field,Sawai Mansingh Stadium,Chennai Super Kings
Deccan Chargers,Pune Warriors,Deccan Chargers,bat,"Rajiv Gandhi International Stadium, Uppal",Pune Warriors
Kings XI Punjab,Mumbai Indians,Mumbai Indians,field,"Punjab Cricket Association Stadium, Mohali",Kings XI Punjab
Rajasthan Royals,Royal Challengers Bangalore,Royal Challengers Bangalore,field,Sawai Mansingh Stadium,Royal Challengers Bangalore
Chennai Super Kings,Delhi Daredevils,Chennai Super Kings,bat,"MA Chidambaram Stadium, Chepauk",Chennai Super Kings
Kochi Tuskers Kerala,Kings XI Punjab,Kings XI Punjab,field,Holkar Cricket Stadium,Kings XI Punjab
Kolkata Knight Riders,Royal Challengers Bangalore,Royal Challengers Bangalore,field,M Chinnaswamy Stadium,Royal Challengers Bangalore
Deccan Chargers,Mumbai Indians,Deccan Chargers,bat,Wankhede Stadium,Deccan Chargers
Kings XI Punjab,Delhi Daredevils,Delhi Daredevils,field,Himachal Pradesh Cricket Association Stadium,Kings XI Punjab
Rajasthan Royals,Kochi Tuskers Kerala,Kochi Tuskers Kerala,field,Holkar Cricket Stadium,Kochi Tuskers Kerala
Pune Warriors,Deccan Chargers,Deccan Chargers,field,Dr DY Patil Sports Academy,Deccan Chargers
Kings XI Punjab,Royal Challengers Bangalore,Kings XI Punjab,bat,Himachal Pradesh Cricket Association Stadium,Kings XI Punjab
Chennai Super Kings,Kochi Tuskers Kerala,Chennai Super Kings,bat,"MA Chidambaram Stadium, Chepauk",Chennai Super Kings
Pune Warriors,Kolkata Knight Riders,Kolkata Knight Riders,field,Dr DY Patil Sports Academy,Kolkata Knight Riders
Mumbai Indians,Rajasthan Royals,Mumbai Indians,bat,Wankhede Stadium,Rajasthan Royals
Deccan Chargers,Kings XI Punjab,Kings XI Punjab,field,Himachal Pradesh Cricket Association Stadium,Deccan Chargers
Delhi Daredevils,Pune Warriors,Delhi Daredevils,bat,Feroz Shah Kotla,
Chennai Super Kings,Royal Challengers Bangalore,Royal Challengers Bangalore,field,M Chinnaswamy Stadium,Royal Challengers Bangalore
Kolkata Knight Riders,Mumbai Indians,Mumbai Indians,field,Eden Gardens,Mumbai Indians
Royal Challengers Bangalore,Chennai Super Kings,Chennai Super Kings,field,Wankhede Stadium,Chennai Super Kings
Kolkata Knight Riders,Mumbai Indians,Mumbai Indians,field,Wankhede Stadium,Mumbai Indians
Royal Challengers Bangalore,Mumbai Indians,Mumbai Indians,field,"MA Chidambaram Stadium, Chepauk",Royal Challengers Bangalore
Chennai Super Kings,Royal Challengers Bangalore,Chennai Super Kings,bat,"MA Chidambaram Stadium, Chepauk",Chennai Super Kings
Chennai Super Kings,Mumbai Indians,Mumbai Indians,field,"MA Chidambaram Stadium, Chepauk",Mumbai Indians
Kolkata Knight Riders,Delhi Daredevils,Delhi Daredevils,field,Eden Gardens,Delhi Daredevils
Pune Warriors,Mumbai Indians,Mumbai Indians,field,Wankhede Stadium,Pune Warriors
Rajasthan Royals,Kings XI Punjab,Kings XI Punjab,field,Sawai Mansingh Stadium,Rajasthan Royals
Royal Challengers Bangalore,Delhi Daredevils,Delhi Daredevils,field,M Chinnaswamy Stadium,Royal Challengers Bangalore
Chennai Super Kings,Deccan Chargers,Deccan Chargers,field,Dr. Y.S. Rajasekhara Reddy ACA-VDCA Cricket Stadium,Chennai Super Kings
Rajasthan Royals,Kolkata Knight Riders,Kolkata Knight Riders,field,Sawai Mansingh Stadium,Rajasthan Royals
Pune Warriors,Kings XI Punjab,Pune Warriors,bat,Subrata Roy Sahara Stadium,Pune Warriors
Deccan Chargers,Mumbai Indians,Deccan Chargers,bat,Dr. Y.S. Rajasekhara Reddy ACA-VDCA Cricket Stadium,Mumbai Indians
Kolkata Knight Riders,Royal Challengers Bangalore,Royal Challengers Bangalore,field,M Chinnaswamy Stadium,Kolkata Knight Riders
Chennai Super Kings,Delhi Daredevils,Delhi Daredevils,field,Feroz Shah Kotla,Delhi Daredevils
Mumbai Indians,Rajasthan Royals,Rajasthan Royals,field,Wankhede Stadium,Mumbai Indians
Royal Challengers Bangalore,Chennai Super Kings,Royal Challengers Bangalore,bat,"MA Chidambaram Stadium, Chepauk",Chennai Super Kings
Pune Warriors,Kings XI Punjab,Kings XI Punjab,field,"Punjab Cricket Association Stadium, Mohali",Kings XI Punjab
Rajasthan Royals,Kolkata Knight Riders,Rajasthan Royals,bat,Eden Gardens,Kolkata Knight Riders
Deccan Chargers,Delhi Daredevils,Deccan Chargers,bat,Feroz Shah Kotla,Delhi Daredevils
Chennai Super Kings,Pune Warriors,Chennai Super Kings,bat,Subrata Roy Sahara Stadium,Pune Warriors
Kings XI Punjab,Kolkata Knight Riders,Kolkata Knight Riders,field,Eden Gardens,Kings XI Punjab
Rajasthan Royals,Royal Challengers Bangalore,Rajasthan Royals,bat,M Chinnaswamy Stadium,Rajasthan Royals
Mumbai Indians,Delhi Daredevils,Delhi Daredevils,field,Wankhede Stadium,Delhi Daredevils
Deccan Chargers,Rajasthan Royals,Deccan Chargers,bat,Sawai Mansingh Stadium,Rajasthan Royals
Pune Warriors,Royal Challengers Bangalore,Pune Warriors,bat,M Chinnaswamy Stadium,Royal Challengers Bangalore
Kings XI Punjab,Kolkata Knight Riders,Kings XI Punjab,bat,"Punjab Cricket Association Stadium, Mohali",Kolkata Knight Riders
Deccan Chargers,Delhi Daredevils,Deccan Chargers,bat,"Rajiv Gandhi International Stadium, Uppal",Delhi Daredevils
Chennai Super Kings,Pune Warriors,Pune Warriors,field,"MA Chidambaram Stadium, Chepauk",Chennai Super Kings
Kings XI Punjab,Royal Challengers Bangalore,Royal Challengers Bangalore,field,"Punjab Cricket Association Stadium, Mohali",Royal Challengers Bangalore
Rajasthan Royals,Chennai Super Kings,Rajasthan Royals,bat,"MA Chidambaram Stadium, Chepauk",Chennai Super Kings
Pune Warriors,Delhi Daredevils,Delhi Daredevils,field,Feroz Shah Kotla,Pune Warriors
Mumbai Indians,Kings XI Punjab,Mumbai Indians,bat,Wankhede Stadium,Kings XI Punjab
Deccan Chargers,Kolkata Knight Riders,Kolkata Knight Riders,field,Barabati Stadium,Kolkata Knight Riders
Royal Challengers Bangalore,Rajasthan Royals,Rajasthan Royals,field,Sawai Mansingh Stadium,Royal Challengers Bangalore
Pune Warriors,Delhi Daredevils,Pune Warriors,bat,Subrata Roy Sahara Stadium,Delhi Daredevils
Kings XI Punjab,Mumbai Indians,Kings XI Punjab,bat,"Punjab Cricket Association Stadium, Mohali",Mumbai Indians
Deccan Chargers,Pune Warriors,Deccan Chargers,bat,Subrata Roy Sahara Stadium,Deccan Chargers
Delhi Daredevils,Mumbai Indians,Mumbai Indians,field,Feroz Shah Kotla,Delhi Daredevils
Kings XI Punjab,Chennai Super Kings,Kings XI Punjab,bat,"MA Chidambaram Stadium, Chepauk",Kings XI Punjab
Kolkata Knight Riders,Royal Challengers Bangalore,Kolkata Knight Riders,bat,Eden Gardens,Kolkata Knight Riders
Delhi Daredevils,Rajasthan Royals,Delhi Daredevils,bat,Feroz Shah Kotla,Delhi Daredevils
Deccan Chargers,Mumbai Indians,Mumbai Indians,field,Wankhede Stadium,Mumbai Indians
Chennai Super Kings,Kolkata Knight Riders,Chennai Super Kings,bat,"MA Chidambaram Stadium, Chepauk",Kolkata Knight Riders
Deccan Chargers,Pune Warriors,Deccan Chargers,bat,Barabati Stadium,Deccan Chargers
Rajasthan Royals,Delhi Daredevils,Rajasthan Royals,bat,Sawai Mansingh Stadium,Delhi Daredevils
Royal Challengers Bangalore,Kings XI Punjab,Kings XI Punjab,field,M Chinnaswamy Stadium,Kings XI Punjab
Mumbai Indians,Pune Warriors,Mumbai Indians,bat,Subrata Roy Sahara Stadium,Mumbai Indians
Chennai Super Kings,Deccan Chargers,Chennai Super Kings,bat,"MA Chidambaram Stadium, Chepauk",Chennai Super Kings
Kolkata Knight Riders,Pune Warriors,Kolkata Knight Riders,bat,Eden Gardens,Kolkata Knight Riders
Rajasthan Royals,Kings XI Punjab,Rajasthan Royals,bat,"Punjab Cricket Association Stadium, Mohali",Rajasthan Royals
Chennai Super Kings,Mumbai Indians,Mumbai Indians,field,Wankhede Stadium,Mumbai Indians
Deccan Chargers,Royal Challengers Bangalore,Royal Challengers Bangalore,field,M Chinnaswamy Stadium,Royal Challengers Bangalore
Delhi Daredevils,Kolkata Knight Riders,Delhi Daredevils,bat,Feroz Shah Kotla,Kolkata Knight Riders
Pune Warriors,Rajasthan Royals,Pune Warriors,bat,Subrata Roy Sahara Stadium,Rajasthan Royals
Kings XI Punjab,Deccan Chargers,Deccan Chargers,field,"Rajiv Gandhi International Stadium, Uppal",Kings XI Punjab
Mumbai Indians,Royal Challengers Bangalore,Royal Challengers Bangalore,field,Wankhede Stadium,Royal Challengers Bangalore
Rajasthan Royals,Chennai Super Kings,Chennai Super Kings,field,Sawai Mansingh Stadium,Chennai Super Kings
Royal Challengers Bangalore,Pune Warriors,Pune Warriors,field,Subrata Roy Sahara Stadium,Royal Challengers Bangalore
Mumbai Indians,Kolkata Knight Riders,Mumbai Indians,bat,Eden Gardens,Mumbai Indians
Delhi Daredevils,Chennai Super Kings,Chennai Super Kings,field,"MA Chidambaram Stadium, Chepauk",Chennai Super Kings
Rajasthan Royals,Pune Warriors,Rajasthan Royals,bat,Sawai Mansingh Stadium,Rajasthan Royals
Deccan Chargers,Kings XI Punjab,Deccan Chargers,bat,"Punjab Cricket Association Stadium, Mohali",Kings XI Punjab
Royal Challengers Bangalore,Mumbai Indians,Mumbai Indians,field,M Chinnaswamy Stadium,Mumbai Indians
Kolkata Knight Riders,Chennai Super Kings,Chennai Super Kings,field,Eden Gardens,Chennai Super Kings
Kings XI Punjab,Delhi Daredevils,Kings XI Punjab,bat,Feroz Shah Kotla,Delhi Daredevils
Kolkata Knight Riders,Mumbai Indians,Mumbai Indians,field,Wankhede Stadium,Kolkata Knight Riders
Chennai Super Kings,Kings XI Punjab,Kings XI Punjab,field,Himachal Pradesh Cricket Association Stadium,Kings XI Punjab
Royal Challengers Bangalore,Delhi Daredevils,Delhi Daredevils,field,Feroz Shah Kotla,Royal Challengers Bangalore
Rajasthan Royals,Deccan Chargers,Rajasthan Royals,bat,"Rajiv Gandhi International Stadium, Uppal",Deccan Chargers
Kings XI Punjab,Delhi Daredevils,Delhi Daredevils,field,Himachal Pradesh Cricket Association Stadium,Delhi Daredevils
Kolkata Knight Riders,Pune Warriors,Kolkata Knight Riders,bat,Subrata Roy Sahara Stadium,Kolkata Knight Riders
Deccan Chargers,Royal Challengers Bangalore,Royal Challengers Bangalore,field,"Rajiv Gandhi International Stadium, Uppal",Deccan Chargers
Rajasthan Royals,Mumbai Indians,Rajasthan Royals,bat,Sawai Mansingh Stadium,Mumbai Indians
Kolkata Knight Riders,Delhi Daredevils,Kolkata Knight Riders,bat,Subrata Roy Sahara Stadium,Kolkata Knight Riders
Chennai Super Kings,Mumbai Indians,Mumbai Indians,field,M Chinnaswamy Stadium,Chennai Super Kings
Chennai Super Kings,Delhi Daredevils,Delhi Daredevils,field,"MA Chidambaram Stadium, Chepauk",Chennai Super Kings
Chennai Super Kings,Kolkata Knight Riders,Chennai Super Kings,bat,"MA Chidambaram Stadium, Chepauk",Kolkata Knight Riders
Delhi Daredevils,Kolkata Knight Riders,Kolkata Knight Riders,field,Eden Gardens,Kolkata Knight Riders
Royal Challengers Bangalore,Mumbai Indians,Mumbai Indians,field,M Chinnaswamy Stadium,Royal Challengers Bangalore
Sunrisers Hyderabad,Pune Warriors,Pune Warriors,field,"Rajiv Gandhi International Stadium, Uppal",Sunrisers Hyderabad
Rajasthan Royals,Delhi Daredevils,Rajasthan Royals,bat,Feroz Shah Kotla,Rajasthan Royals
Mumbai Indians,Chennai Super Kings,Mumbai Indians,bat,"MA Chidambaram Stadium, Chepauk",Mumbai Indians
Pune Warriors,Kings XI Punjab,Pune Warriors,bat,Subrata Roy Sahara Stadium,Kings XI Punjab
Royal Challengers Bangalore,Sunrisers Hyderabad,Royal Challengers Bangalore,bat,"Rajiv Gandhi International Stadium, Uppal",Sunrisers Hyderabad
Rajasthan Royals,Kolkata Knight Riders,Kolkata Knight Riders,field,Sawai Mansingh Stadium,Rajasthan Royals
Mumbai Indians,Delhi Daredevils,Mumbai Indians,bat,Wankhede Stadium,Mumbai Indians
Kings XI Punjab,Chennai Super Kings,Chennai Super Kings,field,"Punjab Cricket Association Stadium, Mohali",Chennai Super Kings
Kolkata Knight Riders,Royal Challengers Bangalore,Royal Challengers Bangalore,field,M Chinnaswamy Stadium,Royal Challengers Bangalore
Rajasthan Royals,Pune Warriors,Rajasthan Royals,bat,Subrata Roy Sahara Stadium,Pune Warriors
Delhi Daredevils,Sunrisers Hyderabad,Delhi Daredevils,bat,Feroz Shah Kotla,Sunrisers Hyderabad
Mumbai Indians,Pune Warriors,Mumbai Indians,bat,Wankhede Stadium,Mumbai Indians
Royal Challengers Bangalore,Chennai Super Kings,Chennai Super Kings,field,"MA Chidambaram Stadium, Chepauk",Chennai Super Kings
Kolkata Knight Riders,Sunrisers Hyderabad,Kolkata Knight Riders,bat,Eden Gardens,Kolkata Knight Riders
Kings XI Punjab,Rajasthan Royals,Rajasthan Royals,field,Sawai Mansingh Stadium,Rajasthan Royals
Pune Warriors,Chennai Super Kings,Pune Warriors,bat,"MA Chidambaram Stadium, Chepauk",Pune Warriors
Kings XI Punjab,Kolkata Knight Riders,Kolkata Knight Riders,field,"Punjab Cricket Association Stadium, Mohali",Kings XI Punjab
Delhi Daredevils,Royal Challengers Bangalore,Royal Challengers Bangalore,field,M Chinnaswamy Stadium,Royal Challengers Bangalore
Sunrisers Hyderabad,Pune Warriors,Pune Warriors,field,Subrata Roy Sahara Stadium,Sunrisers Hyderabad
Rajasthan Royals,Mumbai Indians,Rajasthan Royals,bat,Sawai Mansingh Stadium,Rajasthan Royals
Chennai Super Kings,Delhi Daredevils,Chennai Super Kings,bat,Feroz Shah Kotla,Chennai Super Kings
Kings XI Punjab,Sunrisers Hyderabad,Kings XI Punjab,bat,"Rajiv Gandhi International Stadium, Uppal",Sunrisers Hyderabad
Kolkata Knight Riders,Chennai Super Kings,Kolkata Knight Riders,bat,Eden Gardens,Chennai Super Kings
Rajasthan Royals,Royal Challengers Bangalore,Royal Challengers Bangalore,field,M Chinnaswamy Stadium,Royal Challengers Bangalore
Mumbai Indians,Delhi Daredevils,Mumbai Indians,bat,Feroz Shah Kotla,Delhi Daredevils
Pune Warriors,Kings XI Punjab,Kings XI Punjab,field,"Punjab Cricket Association Stadium, Mohali",Kings XI Punjab
Rajasthan Royals,Chennai Super Kings,Rajasthan Royals,bat,"MA Chidambaram Stadium, Chepauk",Chennai Super Kings
Royal Challengers Bangalore,Pune Warriors,Pune Warriors,field,M Chinnaswamy Stadium,Royal Challengers Bangalore
Kings XI Punjab,Delhi Daredevils,Delhi Daredevils,field,Himachal Pradesh Cricket Association Stadium,Kings XI Punjab
Kolkata Knight Riders,Mumbai Indians,Kolkata Knight Riders,bat,Eden Gardens,Mumbai Indians
Sunrisers Hyderabad,Chennai Super Kings,Sunrisers Hyderabad,bat,"MA Chidambaram Stadium, Chepauk",Chennai Super Kings
Kings XI Punjab,Kolkata Knight Riders,Kings XI Punjab,bat,Eden Gardens,Kolkata Knight Riders
Sunrisers Hyderabad,Rajasthan Royals,Sunrisers Hyderabad,bat,Sawai Mansingh Stadium,Rajasthan Royals
Mumbai Indians,Royal Challengers Bangalore,Mumbai Indians,bat,Wankhede Stadium,Mumbai Indians
Chennai Super Kings,Kolkata Knight Riders,Kolkata Knight Riders,field,"MA Chidambaram Stadium, Chepauk",Chennai Super Kings
Delhi Daredevils,Pune Warriors,Pune Warriors,field,Shaheed Veer Narayan Singh International Stadium,Delhi Daredevils
Royal Challengers Bangalore,Rajasthan Royals,Rajasthan Royals,field,Sawai Mansingh Stadium,Rajasthan Royals
Mumbai Indians,Kings XI Punjab,Mumbai Indians,bat,Wankhede Stadium,Mumbai Indians
Chennai Super Kings,Pune Warriors,Chennai Super Kings,bat,Subrata Roy Sahara Stadium,Chennai Super Kings
Mumbai Indians,Sunrisers Hyderabad,Mumbai Indians,bat,"Rajiv Gandhi International Stadium, Uppal",Sunrisers Hyderabad
Kolkata Knight Riders,Delhi Daredevils,Kolkata Knight Riders,bat,Shaheed Veer Narayan Singh International Stadium,Delhi Daredevils
Chennai Super Kings,Kings XI Punjab,Chennai Super Kings,bat,"MA Chidambaram Stadium, Chepauk",Chennai Super Kings
Royal Challengers Bangalore,Pune Warriors,Royal Challengers Bangalore,bat,Subrata Roy Sahara Stadium,Royal Challengers Bangalore
Rajasthan Royals,Kolkata Knight Riders,Rajasthan Royals,bat,Eden Gardens,Kolkata Knight Riders
Delhi Daredevils,Sunrisers Hyderabad,Delhi Daredevils,bat,"Rajiv Gandhi International Stadium, Uppal",Sunrisers Hyderabad
Royal Challengers Bangalore,Kings XI Punjab,Kings XI Punjab,field,M Chinnaswamy Stadium,Kings XI Punjab
Mumbai Indians,Chennai Super Kings,Mumbai Indians,bat,Wankhede Stadium,Mumbai Indians
Pune Warriors,Rajasthan Royals,Pune Warriors,bat,Sawai Mansingh Stadium,Rajasthan Royals
Sunrisers Hyderabad,Royal Challengers Bangalore,Sunrisers Hyderabad,bat,M Chinnaswamy Stadium,Royal Challengers Bangalore
Delhi Daredevils,Rajasthan Royals,Delhi Daredevils,bat,Sawai Mansingh Stadium,Rajasthan Royals
Mumbai Indians,Kolkata Knight Riders,Mumbai Indians,bat,Wankhede Stadium,Mumbai Indians
Chennai Super Kings,Sunrisers Hyderabad,Sunrisers Hyderabad,field,"Rajiv Gandhi International Stadium, Uppal",Chennai Super Kings
Kings XI Punjab,Rajasthan Royals,Rajasthan Royals,field,"Punjab Cricket Association Stadium, Mohali",Rajasthan Royals
Kolkata Knight Riders,Pune Warriors,Kolkata Knight Riders,bat,Subrata Roy Sahara Stadium,Kolkata Knight Riders
Royal Challengers Bangalore,Delhi Daredevils,Delhi Daredevils,field,Feroz Shah Kotla,Royal Challengers Bangalore
Pune Warriors,Mumbai Indians,Pune Warriors,bat,Subrata Roy Sahara Stadium,Mumbai Indians
Sunrisers Hyderabad,Kings XI Punjab,Kings XI Punjab,field,"Punjab Cricket Association Stadium, Mohali",Sunrisers Hyderabad
Royal Challengers Bangalore,Kolkata Knight Riders,Kolkata Knight Riders,field,JSCA International Stadium Complex,Kolkata Knight Riders
Chennai Super Kings,Rajasthan Royals,Rajasthan Royals,field,Sawai Mansingh Stadium,Rajasthan Royals
Delhi Daredevils,Kings XI Punjab,Kings XI Punjab,field,Feroz Shah Kotla,Kings XI Punjab
Sunrisers Hyderabad,Mumbai Indians,Sunrisers Hyderabad,bat,Wankhede Stadium,Mumbai Indians
Pune Warriors,Kolkata Knight Riders,Kolkata Knight Riders,field,JSCA International Stadium Complex,Pune Warriors
Chennai Super Kings,Delhi Daredevils,Chennai Super Kings,bat,"MA Chidambaram Stadium, Chepauk",Chennai Super Kings
Mumbai Indians,Rajasthan Royals,Rajasthan Royals,field,Wankhede Stadium,Mumbai Indians
Royal Challengers Bangalore,Kings XI Punjab,Kings XI Punjab,field,"Punjab Cricket Association Stadium, Mohali",Kings XI Punjab
Sunrisers Hyderabad,Rajasthan Royals,Sunrisers Hyderabad,bat,"Rajiv Gandhi International Stadium, Uppal",Sunrisers Hyderabad
Kings XI Punjab,Mumbai Indians,Mumbai Indians,field,Himachal Pradesh Cricket Association Stadium,Kings XI Punjab
Pune Warriors,Delhi Daredevils,Pune Warriors,bat,Subrata Roy Sahara Stadium,Pune Warriors
Royal Challengers Bangalore,Chennai Super Kings,Chennai Super Kings,field,M Chinnaswamy Stadium,Royal Challengers Bangalore
Kolkata Knight Riders,Sunrisers Hyderabad,Kolkata Knight Riders,bat,"Rajiv Gandhi International Stadium, Uppal",Sunrisers Hyderabad
Chennai Super Kings,Mumbai Indians,Chennai Super Kings,bat,Feroz Shah Kotla,Chennai Super Kings
Sunrisers Hyderabad,Rajasthan Royals,Sunrisers Hyderabad,bat,Feroz Shah Kotla,Rajasthan Royals
Rajasthan Royals,Mumbai Indians,Rajasthan Royals,bat,Eden Gardens,Mumbai Indians
Mumbai Indians,Chennai Super Kings,Mumbai Indians,bat,Eden Gardens,Mumbai Indians
Kolkata Knight Riders,Mumbai Indians,Kolkata Knight Riders,bat,Sheikh Zayed Stadium,Kolkata Knight Riders
Delhi Daredevils,Royal Challengers Bangalore,Royal Challengers Bangalore,field,Sharjah Cricket Stadium,Royal Challengers Bangalore
Chennai Super Kings,Kings XI Punjab,Chennai Super Kings,bat,Sheikh Zayed Stadium,Kings XI Punjab
Sunrisers Hyderabad,Rajasthan Royals,Rajasthan Royals,field,Sheikh Zayed Stadium,Rajasthan Royals
Mumbai Indians,Royal Challengers Bangalore,Royal Challengers Bangalore,field,Dubai International Cricket Stadium,Royal Challengers Bangalore
Kolkata Knight Riders,Delhi Daredevils,Kolkata Knight Riders,bat,Dubai International Cricket Stadium,Delhi Daredevils
Rajasthan Royals,Kings XI Punjab,Kings XI Punjab,field,Sharjah Cricket Stadium,Kings XI Punjab
Chennai Super Kings,Delhi Daredevils,Chennai Super Kings,bat,Sheikh Zayed Stadium,Chennai Super Kings
Kings XI Punjab,Sunrisers Hyderabad,Sunrisers Hyderabad,field,Sharjah Cricket Stadium,Kings XI Punjab
Chennai Super Kings,Rajasthan Royals,Rajasthan Royals,field,Dubai International Cricket Stadium,Chennai Super Kings
Kolkata Knight Riders,Royal Challengers Bangalore,Royal Challengers Bangalore,field,Sharjah Cricket Stadium,Kolkata Knight Riders
Sunrisers Hyderabad,Delhi Daredevils,Sunrisers Hyderabad,bat,Dubai International Cricket Stadium,Sunrisers Hyderabad
Mumbai Indians,Chennai Super Kings,Mumbai Indians,bat,Dubai International Cricket Stadium,Chennai Super Kings
Royal Challengers Bangalore,Rajasthan Royals,Rajasthan Royals,field,Sheikh Zayed Stadium,Rajasthan Royals
Kings XI Punjab,Kolkata Knight Riders,Kolkata Knight Riders,field,Sheikh Zayed Stadium,Kings XI Punjab
Mumbai Indians,Delhi Daredevils,Mumbai Indians,bat,Sharjah Cricket Stadium,Delhi Daredevils
Sunrisers Hyderabad,Chennai Super Kings,Sunrisers Hyderabad,bat,Sharjah Cricket Stadium,Chennai Super Kings
Royal Challengers Bangalore,Kings XI Punjab,Kings XI Punjab,field,Dubai International Cricket Stadium,Kings XI Punjab
Rajasthan Royals,Kolkata Knight Riders,Rajasthan Royals,bat,Sheikh Zayed Stadium,Rajasthan Royals
Sunrisers Hyderabad,Mumbai Indians,Mumbai Indians,field,Dubai International Cricket Stadium,Sunrisers Hyderabad
Chennai Super Kings,Kolkata Knight Riders,Chennai Super Kings,bat,JSCA International Stadium Complex,Chennai Super Kings
Kings XI Punjab,Mumbai Indians,Kings XI Punjab,bat,Wankhede Stadium,Mumbai Indians
Delhi Daredevils,Rajasthan Royals,Rajasthan Royals,field,Feroz Shah Kotla,Rajasthan Royals
Sunrisers Hyderabad,Royal Challengers Bangalore,Royal Challengers Bangalore,field,M Chinnaswamy Stadium,Royal Challengers Bangalore
Rajasthan Royals,Kolkata Knight Riders,Kolkata Knight Riders,field,"Sardar Patel Stadium, Motera",Rajasthan Royals
Delhi Daredevils,Chennai Super Kings,Chennai Super Kings,field,Feroz Shah Kotla,Chennai Super Kings
Mumbai Indians,Royal Challengers Bangalore,Royal Challengers Bangalore,field,Wankhede Stadium,Mumbai Indians
Delhi Daredevils,Kolkata Knight Riders,Delhi Daredevils,bat,Feroz Shah Kotla,Kolkata Knight Riders
Kings XI Punjab,Chennai Super Kings,Chennai Super Kings,field,Barabati Stadium,Kings XI Punjab
Sunrisers Hyderabad,Rajasthan Royals,Rajasthan Royals,field,"Sardar Patel Stadium, Motera",Sunrisers Hyderabad
Kings XI Punjab,Royal Challengers Bangalore,Royal Challengers Bangalore,field,M Chinnaswamy Stadium,Kings XI Punjab
Delhi Daredevils,Sunrisers Hyderabad,Sunrisers Hyderabad,field,Feroz Shah Kotla,Sunrisers Hyderabad
Mumbai Indians,Chennai Super Kings,Chennai Super Kings,field,Wankhede Stadium,Chennai Super Kings
Kings XI Punjab,Kolkata Knight Riders,Kolkata Knight Riders,field,Barabati Stadium,Kolkata Knight Riders
Royal Challengers Bangalore,Rajasthan Royals,Royal Challengers Bangalore,bat,M Chinnaswamy Stadium,Rajasthan Royals
Sunrisers Hyderabad,Mumbai Indians,Sunrisers Hyderabad,bat,"Rajiv Gandhi International Stadium, Uppal",Mumbai Indians
Rajasthan Royals,Chennai Super Kings,Rajasthan Royals,bat,JSCA International Stadium Complex,Chennai Super Kings
Royal Challengers Bangalore,Delhi Daredevils,Delhi Daredevils,field,M Chinnaswamy Stadium,Royal Challengers Bangalore
Sunrisers Hyderabad,Kings XI Punjab,Kings XI Punjab,field,"Rajiv Gandhi International Stadium, Uppal",Kings XI Punjab
Mumbai Indians,Kolkata Knight Riders,Kolkata Knight Riders,field,Barabati Stadium,Kolkata Knight Riders
Rajasthan Royals,Delhi Daredevils,Delhi Daredevils,field,"Sardar Patel Stadium, Motera",Rajasthan Royals
Chennai Super Kings,Royal Challengers Bangalore,Chennai Super Kings,bat,JSCA International Stadium Complex,Royal Challengers Bangalore
Sunrisers Hyderabad,Kolkata Knight Riders,Sunrisers Hyderabad,bat,"Rajiv Gandhi International Stadium, Uppal",Kolkata Knight Riders
Mumbai Indians,Rajasthan Royals,Mumbai Indians,bat,"Sardar Patel Stadium, Motera",Mumbai Indians
Delhi Daredevils,Kings XI Punjab,Kings XI Punjab,field,Feroz Shah Kotla,Kings XI Punjab
Royal Challengers Bangalore,Sunrisers Hyderabad,Royal Challengers Bangalore,bat,"Rajiv Gandhi International Stadium, Uppal",Sunrisers Hyderabad
Chennai Super Kings,Kolkata Knight Riders,Kolkata Knight Riders,field,Eden Gardens,Kolkata Knight Riders
Kings XI Punjab,Mumbai Indians,Mumbai Indians,field,"Punjab Cricket Association Stadium, Mohali",Mumbai Indians
Kolkata Knight Riders,Royal Challengers Bangalore,Royal Challengers Bangalore,field,Eden Gardens,Kolkata Knight Riders
Chennai Super Kings,Sunrisers Hyderabad,Sunrisers Hyderabad,field,JSCA International Stadium Complex,Sunrisers Hyderabad
Mumbai Indians,Delhi Daredevils,Delhi Daredevils,field,Wankhede Stadium,Mumbai Indians
Kings XI Punjab,Rajasthan Royals,Rajasthan Royals,field,"Punjab Cricket Association Stadium, Mohali",Kings XI Punjab
Royal Challengers Bangalore,Chennai Super Kings,Chennai Super Kings,field,M Chinnaswamy Stadium,Chennai Super Kings
Sunrisers Hyderabad,Kolkata Knight Riders,Kolkata Knight Riders,field,Eden Gardens,Kolkata Knight Riders
Delhi Daredevils,Kings XI Punjab,Kings XI Punjab,field,"Punjab Cricket Association Stadium, Mohali",Kings XI Punjab
Rajasthan Royals,Mumbai Indians,Mumbai Indians,field,Wankhede Stadium,Mumbai Indians
Kolkata Knight Riders,Kings XI Punjab,Kings XI Punjab,field,Eden Gardens,Kolkata Knight Riders
Mumbai Indians,Chennai Super Kings,Chennai Super Kings,field,Brabourne Stadium,Chennai Super Kings
Kings XI Punjab,Chennai Super Kings,Chennai Super Kings,field,Wankhede Stadium,Kings XI Punjab
Kings XI Punjab,Kolkata Knight Riders,Kolkata Knight Riders,field,M Chinnaswamy Stadium,Kolkata Knight Riders
Mumbai Indians,Kolkata Knight Riders,Kolkata Knight Riders,field,Eden Gardens,Kolkata Knight Riders
Chennai Super Kings,Delhi Daredevils,Delhi Daredevils,field,"MA Chidambaram Stadium, Chepauk",Chennai Super Kings
Rajasthan Royals,Kings XI Punjab,Kings XI Punjab,field,Maharashtra Cricket Association Stadium,Rajasthan Royals
Chennai Super Kings,Sunrisers Hyderabad,Chennai Super Kings,bat,"MA Chidambaram Stadium, Chepauk",Chennai Super Kings
Kolkata Knight Riders,Royal Challengers Bangalore,Royal Challengers Bangalore,field,Eden Gardens,Royal Challengers Bangalore
Delhi Daredevils,Rajasthan Royals,Rajasthan Royals,field,Feroz Shah Kotla,Rajasthan Royals
Kings XI Punjab,Mumbai Indians,Mumbai Indians,field,Wankhede Stadium,Kings XI Punjab
Royal Challengers Bangalore,Sunrisers Hyderabad,Sunrisers Hyderabad,field,M Chinnaswamy Stadium,Sunrisers Hyderabad
Mumbai Indians,Rajasthan Royals,Mumbai Indians,bat,"Sardar Patel Stadium, Motera",Rajasthan Royals
Chennai Super Kings,Kolkata Knight Riders,Kolkata Knight Riders,field,Eden Gardens,Kolkata Knight Riders
Kings XI Punjab,Delhi Daredevils,Kings XI Punjab,bat,Maharashtra Cricket Association Stadium,Delhi Daredevils
Sunrisers Hyderabad,Rajasthan Royals,Rajasthan Royals,field,Dr. Y.S. Rajasekhara Reddy ACA-VDCA Cricket Stadium,Rajasthan Royals
Mumbai Indians,Chennai Super Kings,Mumbai Indians,bat,Wankhede Stadium,Chennai Super Kings
Delhi Daredevils,Sunrisers Hyderabad,Delhi Daredevils,bat,Dr. Y.S. Rajasekhara Reddy ACA-VDCA Cricket Stadium,Delhi Daredevils
Kings XI Punjab,Kolkata Knight Riders,Kolkata Knight Riders,field,Maharashtra Cricket Association Stadium,Kolkata Knight Riders
Chennai Super Kings,Rajasthan Royals,Chennai Super Kings,bat,"Sardar Patel Stadium, Motera",Rajasthan Royals
Mumbai Indians,Royal Challengers Bangalore,Royal Challengers Bangalore,field,M Chinnaswamy Stadium,Mumbai Indians
Delhi Daredevils,Kolkata Knight Riders,Kolkata Knight Riders,field,Feroz Shah Kotla,Kolkata Knight Riders
Rajasthan Royals,Kings XI Punjab,Kings XI Punjab,field,"Sardar Patel Stadium, Motera",Kings XI Punjab
Sunrisers Hyderabad,Kolkata Knight Riders,Kolkata Knight Riders,field,Dr. Y.S. Rajasekhara Reddy ACA-VDCA Cricket Stadium,Sunrisers Hyderabad
Chennai Super Kings,Royal Challengers Bangalore,Royal Challengers Bangalore,field,M Chinnaswamy Stadium,Chennai Super Kings
Delhi Daredevils,Mumbai Indians,Mumbai Indians,field,Feroz Shah Kotla,Delhi Daredevils
Rajasthan Royals,Royal Challengers Bangalore,Royal Challengers Bangalore,field,"Sardar Patel Stadium, Motera",Royal Challengers Bangalore
Mumbai Indians,Sunrisers Hyderabad,Mumbai Indians,bat,Wankhede Stadium,Mumbai Indians
Chennai Super Kings,Kings XI Punjab,Chennai Super Kings,bat,"MA Chidambaram Stadium, Chepauk",Chennai Super Kings
Delhi Daredevils,Royal Challengers Bangalore,Royal Challengers Bangalore,field,Feroz Shah Kotla,Royal Challengers Bangalore
Sunrisers Hyderabad,Kings XI Punjab,Kings XI Punjab,field,"Punjab Cricket Association Stadium, Mohali",Sunrisers Hyderabad
Kolkata Knight Riders,Delhi Daredevils,Kolkata Knight Riders,bat,Eden Gardens,Kolkata Knight Riders
Royal Challengers Bangalore,Rajasthan Royals,Rajasthan Royals,field,M Chinnaswamy Stadium,
Chennai Super Kings,Kolkata Knight Riders,Kolkata Knight Riders,field,"MA Chidambaram Stadium, Chepauk",Chennai Super Kings
Kings XI Punjab,Delhi Daredevils,Delhi Daredevils,field,Feroz Shah Kotla,Delhi Daredevils
Mumbai Indians,Rajasthan Royals,Rajasthan Royals,field,Wankhede Stadium,Mumbai Indians
Kolkata Knight Riders,Royal Challengers Bangalore,Royal Challengers Bangalore,field,M Chinnaswamy Stadium,Royal Challengers Bangalore
Sunrisers Hyderabad,Chennai Super Kings,Chennai Super Kings,field,"Rajiv Gandhi International Stadium, Uppal",Sunrisers Hyderabad
Mumbai Indians,Kings XI Punjab,Mumbai Indians,bat,"Punjab Cricket Association Stadium, Mohali",Mumbai Indians
Rajasthan Royals,Delhi Daredevils,Delhi Daredevils,field,Brabourne Stadium,Rajasthan Royals
Chennai Super Kings,Royal Challengers Bangalore,Chennai Super Kings,bat,"MA Chidambaram Stadium, Chepauk",Chennai Super Kings
Kolkata Knight Riders,Sunrisers Hyderabad,Sunrisers Hyderabad,field,Eden Gardens,Kolkata Knight Riders
Delhi Daredevils,Mumbai Indians,Delhi Daredevils,bat,Wankhede Stadium,Mumbai Indians
Royal Challengers Bangalore,Kings XI Punjab,Kings XI Punjab,field,M Chinnaswamy Stadium,Royal Challengers Bangalore
Sunrisers Hyderabad,Rajasthan Royals,Rajasthan Royals,field,Brabourne Stadium,Sunrisers Hyderabad
Chennai Super Kings,Mumbai Indians,Chennai Super Kings,bat,"MA Chidambaram Stadium, Chepauk",Mumbai Indians
Kings XI Punjab,Kolkata Knight Riders,Kings XI Punjab,bat,Eden Gardens,Kolkata Knight Riders
Sunrisers Hyderabad,Delhi Daredevils,Sunrisers Hyderabad,bat,Shaheed Veer Narayan Singh International Stadium,Sunrisers Hyderabad
Royal Challengers Bangalore,Mumbai Indians,Royal Challengers Bangalore,bat,Wankhede Stadium,Royal Challengers Bangalore
Chennai Super Kings,Rajasthan Royals,Chennai Super Kings,bat,"MA Chidambaram Stadium, Chepauk",Chennai Super Kings
Sunrisers Hyderabad,Kings XI Punjab,Sunrisers Hyderabad,bat,"Rajiv Gandhi International Stadium, Uppal",Sunrisers Hyderabad
Chennai Super Kings,Delhi Daredevils,Chennai Super Kings,bat,Shaheed Veer Narayan Singh International Stadium,Delhi Daredevils
Kings XI Punjab,Royal Challengers Bangalore,Royal Challengers Bangalore,field,"Punjab Cricket Association Stadium, Mohali",Kings XI Punjab
Mumbai Indians,Kolkata Knight Riders,Kolkata Knight Riders,field,Wankhede Stadium,Mumbai Indians
Sunrisers Hyderabad,Royal Challengers Bangalore,Sunrisers Hyderabad,bat,"Rajiv Gandhi International Stadium, Uppal",Royal Challengers Bangalore
Kings XI Punjab,Chennai Super Kings,Kings XI Punjab,bat,"Punjab Cricket Association Stadium, Mohali",Chennai Super Kings
Rajasthan Royals,Kolkata Knight Riders,Rajasthan Royals,bat,Brabourne Stadium,Rajasthan Royals
Delhi Daredevils,Royal Challengers Bangalore,Royal Challengers Bangalore,field,M Chinnaswamy Stadium,
Sunrisers Hyderabad,Mumbai Indians,Sunrisers Hyderabad,bat,"Rajiv Gandhi International Stadium, Uppal",Mumbai Indians
Mumbai Indians,Chennai Super Kings,Mumbai Indians,bat,Wankhede Stadium,Mumbai Indians
Royal Challengers Bangalore,Rajasthan Royals,Royal Challengers Bangalore,bat,Maharashtra Cricket Association Stadium,Royal Challengers Bangalore
Royal Challengers Bangalore,Chennai Super Kings,Chennai Super Kings,field,JSCA International Stadium Complex,Chennai Super Kings
Mumbai Indians,Chennai Super Kings,Chennai Super Kings,field,Eden Gardens,Mumbai Indians
Mumbai Indians,Rising Pune Supergiants,Mumbai Indians,bat,Wankhede Stadium,Rising Pune Supergiants
Delhi Daredevils,Kolkata Knight Riders,Kolkata Knight Riders,field,Eden Gardens,Kolkata Knight Riders
Kings XI Punjab,Gujarat Lions,Gujarat Lions,field,"Punjab Cricket Association IS Bindra Stadium, Mohali",Gujarat Lions
Royal Challengers Bangalore,Sunrisers Hyderabad,Sunrisers Hyderabad,field,M Chinnaswamy Stadium,Royal Challengers Bangalore
Kolkata Knight Riders,Mumbai Indians,Mumbai Indians,field,Eden Gardens,Mumbai Indians
Rising Pune Supergiants,Gujarat Lions,Rising Pune Supergiants,bat,Saurashtra Cricket Association Stadium,Gujarat Lions
Kings XI Punjab,Delhi Daredevils,Delhi Daredevils,field,Feroz Shah Kotla,Delhi Daredevils
Sunrisers Hyderabad,Kolkata Knight Riders,Sunrisers Hyderabad,bat,"Rajiv Gandhi International Stadium, Uppal",Kolkata Knight Riders
Mumbai Indians,Gujarat Lions,Gujarat Lions,field,Wankhede Stadium,Gujarat Lions
Rising Pune Supergiants,Kings XI Punjab,Rising Pune Supergiants,bat,"Punjab Cricket Association IS Bindra Stadium, Mohali",Kings XI Punjab
Royal Challengers Bangalore,Delhi Daredevils,Delhi Daredevils,field,M Chinnaswamy Stadium,Delhi Daredevils
Mumbai Indians,Sunrisers Hyderabad,Sunrisers Hyderabad,field,"Rajiv Gandhi International Stadium, Uppal",Sunrisers Hyderabad
Kings XI Punjab,Kolkata Knight Riders,Kolkata Knight Riders,field,"Punjab Cricket Association IS Bindra Stadium, Mohali",Kolkata Knight Riders
Royal Challengers Bangalore,Mumbai Indians,Mumbai Indians,field,Wankhede Stadium,Mumbai Indians
Gujarat Lions,Sunrisers Hyderabad,Sunrisers Hyderabad,field,Saurashtra Cricket Association Stadium,Sunrisers Hyderabad
Royal Challengers Bangalore,Rising Pune Supergiants,Rising Pune Supergiants,field,Maharashtra Cricket Association Stadium,Royal Challengers Bangalore
Delhi Daredevils,Mumbai Indians,Mumbai Indians,field,Feroz Shah Kotla,Delhi Daredevils
Kings XI Punjab,Sunrisers Hyderabad,Sunrisers Hyderabad,field,"Rajiv Gandhi International Stadium, Uppal",Sunrisers Hyderabad
Royal Challengers Bangalore,Gujarat Lions,Royal Challengers Bangalore,bat,Saurashtra Cricket Association Stadium,Gujarat Lions
Rising Pune Supergiants,Kolkata Knight Riders,Kolkata Knight Riders,field,Maharashtra Cricket Association Stadium,Kolkata Knight Riders
Mumbai Indians,Kings XI Punjab,Kings XI Punjab,field,"Punjab Cricket Association IS Bindra Stadium, Mohali",Mumbai Indians
Sunrisers Hyderabad,Rising Pune Supergiants,Rising Pune Supergiants,field,"Rajiv Gandhi International Stadium, Uppal",Rising Pune Supergiants
Gujarat Lions,Delhi Daredevils,Delhi Daredevils,field,Feroz Shah Kotla,Gujarat Lions
Kolkata Knight Riders,Mumbai Indians,Mumbai Indians,field,Wankhede Stadium,Mumbai Indians
Rising Pune Supergiants,Gujarat Lions,Gujarat Lions,field,Maharashtra Cricket Association Stadium,Gujarat Lions
Delhi Daredevils,Kolkata Knight Riders,Kolkata Knight Riders,field,Feroz Shah Kotla,Delhi Daredevils
Sunrisers Hyderabad,Royal Challengers Bangalore,Royal Challengers Bangalore,field,"Rajiv Gandhi International Stadium, Uppal",Sunrisers Hyderabad
Kings XI Punjab,Gujarat Lions,Gujarat Lions,field,Saurashtra Cricket Association Stadium,Kings XI Punjab
Rising Pune Supergiants,Mumbai Indians,Mumbai Indians,field,Maharashtra Cricket Association Stadium,Mumbai Indians
Royal Challengers Bangalore,Kolkata Knight Riders,Kolkata Knight Riders,field,M Chinnaswamy Stadium,Kolkata Knight Riders
Gujarat Lions,Delhi Daredevils,Delhi Daredevils,field,Saurashtra Cricket Association Stadium,Delhi Daredevils
Kolkata Knight Riders,Kings XI Punjab,Kings XI Punjab,field,Eden Gardens,Kolkata Knight Riders
Delhi Daredevils,Rising Pune Supergiants,Rising Pune Supergiants,field,Feroz Shah Kotla,Rising Pune Supergiants
Gujarat Lions,Sunrisers Hyderabad,Sunrisers Hyderabad,field,"Rajiv Gandhi International Stadium, Uppal",Sunrisers Hyderabad
Rising Pune Supergiants,Royal Challengers Bangalore,Royal Challengers Bangalore,field,M Chinnaswamy Stadium,Royal Challengers Bangalore
Kings XI Punjab,Delhi Daredevils,Delhi Daredevils,field,"Punjab Cricket Association IS Bindra Stadium, Mohali",Kings XI Punjab
Sunrisers Hyderabad,Mumbai Indians,Mumbai Indians,field,Dr. Y.S. Rajasekhara Reddy ACA-VDCA Cricket Stadium,Sunrisers Hyderabad
Kolkata Knight Riders,Gujarat Lions,Gujarat Lions,field,Eden Gardens,Gujarat Lions
Royal Challengers Bangalore,Kings XI Punjab,Kings XI Punjab,field,"Punjab Cricket Association IS Bindra Stadium, Mohali",Royal Challengers Bangalore
Sunrisers Hyderabad,Rising Pune Supergiants,Sunrisers Hyderabad,bat,Dr. Y.S. Rajasekhara Reddy ACA-VDCA Cricket Stadium,Sunrisers Hyderabad
Royal Challengers Bangalore,Mumbai Indians,Mumbai Indians,field,M Chinnaswamy Stadium,Mumbai Indians
Sunrisers Hyderabad,Delhi Daredevils,Delhi Daredevils,field,"Rajiv Gandhi International Stadium, Uppal",Delhi Daredevils
Mumbai Indians,Kings XI Punjab,Mumbai Indians,bat,Dr. Y.S. Rajasekhara Reddy ACA-VDCA Cricket Stadium,Kings XI Punjab
Royal Challengers Bangalore,Gujarat Lions,Gujarat Lions,field,M Chinnaswamy Stadium,Royal Challengers Bangalore
Rising Pune Supergiants,Kolkata Knight Riders,Rising Pune Supergiants,bat,Eden Gardens,Kolkata Knight Riders
Kings XI Punjab,Sunrisers Hyderabad,Kings XI Punjab,bat,"Punjab Cricket Association IS Bindra Stadium, Mohali",Sunrisers Hyderabad
Mumbai Indians,Delhi Daredevils,Delhi Daredevils,field,Dr. Y.S. Rajasekhara Reddy ACA-VDCA Cricket Stadium,Mumbai Indians
Kolkata Knight Riders,Royal Challengers Bangalore,Royal Challengers Bangalore,field,Eden Gardens,Royal Challengers Bangalore
Delhi Daredevils,Rising Pune Supergiants,Rising Pune Supergiants,field,Dr. Y.S. Rajasekhara Reddy ACA-VDCA Cricket Stadium,Rising Pune Supergiants
Royal Challengers Bangalore,Kings XI Punjab,Kings XI Punjab,field,M Chinnaswamy Stadium,Royal Challengers Bangalore
Kolkata Knight Riders,Gujarat Lions,Gujarat Lions,field,Green Park,Gujarat Lions
Sunrisers Hyderabad,Delhi Daredevils,Delhi Daredevils,field,Shaheed Veer Narayan Singh International Stadium,Delhi Daredevils
Kings XI Punjab,Rising Pune Supergiants,Kings XI Punjab,bat,Dr. Y.S. Rajasekhara Reddy ACA-VDCA Cricket Stadium,Rising Pune Supergiants
Mumbai Indians,Gujarat Lions,Gujarat Lions,field,Green Park,Gujarat Lions
Kolkata Knight Riders,Sunrisers Hyderabad,Sunrisers Hyderabad,field,Eden Gardens,Kolkata Knight Riders
Delhi Daredevils,Royal Challengers Bangalore,Royal Challengers Bangalore,field,Shaheed Veer Narayan Singh International Stadium,Royal Challengers Bangalore
Gujarat Lions,Royal Challengers Bangalore,Royal Challengers Bangalore,field,M Chinnaswamy Stadium,Royal Challengers Bangalore
Sunrisers Hyderabad,Kolkata Knight Riders,Kolkata Knight Riders,field,Feroz Shah Kotla,Sunrisers Hyderabad
Gujarat Lions,Sunrisers Hyderabad,Sunrisers Hyderabad,field,Feroz Shah Kotla,Sunrisers Hyderabad
Sunrisers Hyderabad,Royal Challengers Bangalore,Sunrisers Hyderabad,bat,M Chinnaswamy Stadium,Sunrisers Hyderabad
Mumbai Indians,Chennai Super Kings,Chennai Super Kings,field,Wankhede Stadium,Chennai Super Kings
Delhi Daredevils,Kings XI Punjab,Kings XI Punjab,field,"Punjab Cricket Association IS Bindra Stadium, Mohali",Kings XI Punjab
Royal Challengers Bangalore,Kolkata Knight Riders,Kolkata Knight Riders,field,Eden Gardens,Kolkata Knight Riders
Rajasthan Royals,Sunrisers Hyderabad,Sunrisers Hyderabad,field,"Rajiv Gandhi International Stadium, Uppal",Sunrisers Hyderabad
Kolkata Knight Riders,Chennai Super Kings,Chennai Super Kings,field,"MA Chidambaram Stadium, Chepauk",Chennai Super Kings
Rajasthan Royals,Delhi Daredevils,Delhi Daredevils,field,Sawai Mansingh Stadium,Rajasthan Royals
Mumbai Indians,Sunrisers Hyderabad,Sunrisers Hyderabad,field,"Rajiv Gandhi International Stadium, Uppal",Sunrisers Hyderabad
Kings XI Punjab,Royal Challengers Bangalore,Royal Challengers Bangalore,field,M Chinnaswamy Stadium,Royal Challengers Bangalore
Mumbai Indians,Delhi Daredevils,Delhi Daredevils,field,Wankhede Stadium,Delhi Daredevils
Kolkata Knight Riders,Sunrisers Hyderabad,Sunrisers Hyderabad,field,Eden Gardens,Sunrisers Hyderabad
Rajasthan Royals,Royal Challengers Bangalore,Royal Challengers Bangalore,field,M Chinnaswamy Stadium,Rajasthan Royals
Kings XI Punjab,Chennai Super Kings,Chennai Super Kings,field,"Punjab Cricket Association IS Bindra Stadium, Mohali",Kings XI Punjab
Kolkata Knight Riders,Delhi Daredevils,Delhi Daredevils,field,Eden Gardens,Kolkata Knight Riders
Mumbai Indians,Royal Challengers Bangalore,Royal Challengers Bangalore,field,Wankhede Stadium,Mumbai Indians
Rajasthan Royals,Kolkata Knight Riders,Kolkata Knight Riders,field,Sawai Mansingh Stadium,Kolkata Knight Riders
Kings XI Punjab,Sunrisers Hyderabad,Kings XI Punjab,bat,"Punjab Cricket Association IS Bindra Stadium, Mohali",Kings XI Punjab
Chennai Super Kings,Rajasthan Royals,Rajasthan Royals,field,Maharashtra Cricket Association Stadium,Chennai Super Kings
Kolkata Knight Riders,Kings XI Punjab,Kings XI Punjab,field,Eden Gardens,Kings XI Punjab
Delhi Daredevils,Royal Challengers Bangalore,Royal Challengers Bangalore,field,M Chinnaswamy Stadium,Royal Challengers Bangalore
Chennai Super Kings,Sunrisers Hyderabad,Sunrisers Hyderabad,field,"Rajiv Gandhi International Stadium, Uppal",Chennai Super Kings
Mumbai Indians,Rajasthan Royals,Mumbai Indians,bat,Sawai Mansingh Stadium,Rajasthan Royals
Kings XI Punjab,Delhi Daredevils,Delhi Daredevils,field,Feroz Shah Kotla,Kings XI Punjab
Sunrisers Hyderabad,Mumbai Indians,Mumbai Indians,field,Wankhede Stadium,Sunrisers Hyderabad
Royal Challengers Bangalore,Chennai Super Kings,Chennai Super Kings,field,M Chinnaswamy Stadium,Chennai Super Kings
Sunrisers Hyderabad,Kings XI Punjab,Kings XI Punjab,field,"Rajiv Gandhi International Stadium, Uppal",Sunrisers Hyderabad
Delhi Daredevils,Kolkata Knight Riders,Kolkata Knight Riders,field,Feroz Shah Kotla,Delhi Daredevils
Chennai Super Kings,Mumbai Indians,Mumbai Indians,field,Maharashtra Cricket Association Stadium,Mumbai Indians
Sunrisers Hyderabad,Rajasthan Royals,Sunrisers Hyderabad,bat,Sawai Mansingh Stadium,Sunrisers Hyderabad
Royal Challengers Bangalore,Kolkata Knight Riders,Kolkata Knight Riders,field,M Chinnaswamy Stadium,Kolkata Knight Riders
Chennai Super Kings,Delhi Daredevils,Delhi Daredevils,field,Maharashtra Cricket Association Stadium,Chennai Super Kings
Royal Challengers Bangalore,Mumbai Indians,Mumbai Indians,field,M Chinnaswamy Stadium,Royal Challengers Bangalore
Delhi Daredevils,Rajasthan Royals,Rajasthan Royals,field,Feroz Shah Kotla,Delhi Daredevils
Chennai Super Kings,Kolkata Knight Riders,Kolkata Knight Riders,field,Eden Gardens,Kolkata Knight Riders
Kings XI Punjab,Mumbai Indians,Mumbai Indians,field,Holkar Cricket Stadium,Mumbai Indians
Royal Challengers Bangalore,Chennai Super Kings,Chennai Super Kings,field,Maharashtra Cricket Association Stadium,Chennai Super Kings
Delhi Daredevils,Sunrisers Hyderabad,Delhi Daredevils,bat,"Rajiv Gandhi International Stadium, Uppal",Sunrisers Hyderabad
Mumbai Indians,Kolkata Knight Riders,Kolkata Knight Riders,field,Wankhede Stadium,Mumbai Indians
Rajasthan Royals,Kings XI Punjab,Kings XI Punjab,field,Holkar Cricket Stadium,Kings XI Punjab
Sunrisers Hyderabad,Royal Challengers Bangalore,Royal Challengers Bangalore,field,"Rajiv Gandhi International Stadium, Uppal",Sunrisers Hyderabad
Rajasthan Royals,Kings XI Punjab,Rajasthan Royals,bat,Sawai Mansingh Stadium,Rajasthan Royals
Mumbai Indians,Kolkata Knight Riders,Kolkata Knight Riders,field,Eden Gardens,Mumbai Indians
Delhi Daredevils,Sunrisers Hyderabad,Delhi Daredevils,bat,Feroz Shah Kotla,Sunrisers Hyderabad
Chennai Super Kings,Rajasthan Royals,Chennai Super Kings,bat,Sawai Mansingh Stadium,Rajasthan Royals
Kolkata Knight Riders,Kings XI Punjab,Kings XI Punjab,field,Holkar Cricket Stadium,Kolkata Knight Riders
Delhi Daredevils,Royal Challengers Bangalore,Royal Challengers Bangalore,field,Feroz Shah Kotla,Royal Challengers Bangalore
Sunrisers Hyderabad,Chennai Super Kings,Chennai Super Kings,field,Maharashtra Cricket Association Stadium,Chennai Super Kings
Mumbai Indians,Rajasthan Royals,Rajasthan Royals,field,Wankhede Stadium,Rajasthan Royals
Kings XI Punjab,Royal Challengers Bangalore,Royal Challengers Bangalore,field,Holkar Cricket Stadium,Royal Challengers Bangalore
Rajasthan Royals,Kolkata Knight Riders,Kolkata Knight Riders,field,Eden Gardens,Kolkata Knight Riders
Mumbai Indians,Kings XI Punjab,Kings XI Punjab,field,Wankhede Stadium,Mumbai Indians
Royal Challengers Bangalore,Sunrisers Hyderabad,Sunrisers Hyderabad,field,M Chinnaswamy Stadium,Royal Challengers Bangalore
Delhi Daredevils,Chennai Super Kings,Chennai Super Kings,field,Feroz Shah Kotla,Delhi Daredevils
Rajasthan Royals,Royal Challengers Bangalore,Rajasthan Royals,bat,Sawai Mansingh Stadium,Rajasthan Royals
Sunrisers Hyderabad,Kolkata Knight Riders,Sunrisers Hyderabad,bat,"Rajiv Gandhi International Stadium, Uppal",Kolkata Knight Riders
Delhi Daredevils,Mumbai Indians,Delhi Daredevils,bat,Feroz Shah Kotla,Delhi Daredevils
Kings XI Punjab,Chennai Super Kings,Chennai Super Kings,field,Maharashtra Cricket Association Stadium,Chennai Super Kings
Sunrisers Hyderabad,Chennai Super Kings,Chennai Super Kings,field,Wankhede Stadium,Chennai Super Kings
Kolkata Knight Riders,Rajasthan Royals,Rajasthan Royals,field,Eden Gardens,Kolkata Knight Riders
Sunrisers Hyderabad,Kolkata Knight Riders,Kolkata Knight Riders,field,Eden Gardens,Sunrisers Hyderabad
Sunrisers Hyderabad,Chennai Super Kings,Chennai Super Kings,field,Wankhede Stadium,Chennai Super Kings
Royal Challengers Bangalore,Chennai Super Kings,Chennai Super Kings,field,M. A. Chidambaram Stadium,Chennai Super Kings
Sunrisers Hyderabad,Kolkata Knight Riders,Kolkata Knight Riders,field,Eden Gardens,Kolkata Knight Riders
Delhi Capitals,Mumbai Indians,Mumbai Indians,field,Wankhede Stadium,Delhi Capitals
Kings XI Punjab,Rajasthan Royals,Rajasthan Royals,field,Sawai Mansingh Stadium,Kings XI Punjab
Delhi Capitals,Chennai Super Kings,Delhi Capitals,bat,Feroz Shah Kotla Ground,Chennai Super Kings
Kolkata Knight Riders,Kings XI Punjab,Kings XI Punjab,field,Eden Gardens,Kolkata Knight Riders
Mumbai Indians,Royal Challengers Bangalore,Royal Challengers Bangalore,field,M. Chinnaswamy Stadium,Mumbai Indians
Rajasthan Royals,Sunrisers Hyderabad,Rajasthan Royals,bat,Rajiv Gandhi Intl. Cricket Stadium,Sunrisers Hyderabad
Mumbai Indians,Kings XI Punjab,Kings XI Punjab,field,IS Bindra Stadium,Kings XI Punjab
Kolkata Knight Riders,Delhi Capitals,Delhi Capitals,field,Feroz Shah Kotla Ground,Delhi Capitals
Sunrisers Hyderabad,Royal Challengers Bangalore,Royal Challengers Bangalore,field,Rajiv Gandhi Intl. Cricket Stadium,Sunrisers Hyderabad
Chennai Super Kings,Rajasthan Royals,Rajasthan Royals,field,M. A. Chidambaram Stadium,Chennai Super Kings
Kings XI Punjab,Delhi Capitals,Delhi Capitals,field,IS Bindra Stadium,Kings XI Punjab
Royal Challengers Bangalore,Rajasthan Royals,Rajasthan Royals,field,Sawai Mansingh Stadium,Rajasthan Royals
Mumbai Indians,Chennai Super Kings,Chennai Super Kings,field,Wankhede Stadium,Mumbai Indians
Delhi Capitals,Sunrisers Hyderabad,Sunrisers Hyderabad,field,Feroz Shah Kotla Ground,Sunrisers Hyderabad
Royal Challengers Bangalore,Kolkata Knight Riders,Kolkata Knight Riders,field,M. Chinnaswamy Stadium,Kolkata Knight Riders
Chennai Super Kings,Kings XI Punjab,Chennai Super Kings,bat,M. A. Chidambaram Stadium,Chennai Super Kings
Mumbai Indians,Sunrisers Hyderabad,Sunrisers Hyderabad,field,Rajiv Gandhi Intl. Cricket Stadium,Mumbai Indians
Royal Challengers Bangalore,Delhi Capitals,Delhi Capitals,field,M. Chinnaswamy Stadium,Delhi Capitals
Rajasthan Royals,Kolkata Knight Riders,Kolkata Knight Riders,field,Sawai Mansingh Stadium,Kolkata Knight Riders
Sunrisers Hyderabad,Kings XI Punjab,Kings XI Punjab,field,IS Bindra Stadium,Kings XI Punjab
Kolkata Knight Riders,Chennai Super Kings,Chennai Super Kings,field,M. A. Chidambaram Stadium,Chennai Super Kings
Kings XI Punjab,Mumbai Indians,Mumbai Indians,field,Wankhede Stadium,Mumbai Indians
Rajasthan Royals,Chennai Super Kings,Chennai Super Kings,field,Sawai Mansingh Stadium,Chennai Super Kings
Kolkata Knight Riders,Delhi Capitals,Delhi Capitals,field,Eden Gardens,Delhi Capitals
Mumbai Indians,Rajasthan Royals,Rajasthan Royals,field,Wankhede Stadium,Rajasthan Royals
Kings XI Punjab,Royal Challengers Bangalore,Royal Challengers Bangalore,field,IS Bindra Stadium,Royal Challengers Bangalore
Kolkata Knight Riders,Chennai Super Kings,Chennai Super Kings,field,Eden Gardens,Chennai Super Kings
Delhi Capitals,Sunrisers Hyderabad,Sunrisers Hyderabad,field,Rajiv Gandhi Intl. Cricket Stadium,Delhi Capitals
Royal Challengers Bangalore,Mumbai Indians,Mumbai Indians,field,Wankhede Stadium,Mumbai Indians
Kings XI Punjab,Rajasthan Royals,Rajasthan Royals,field,IS Bindra Stadium,Kings XI Punjab
Chennai Super Kings,Sunrisers Hyderabad,Chennai Super Kings,bat,Rajiv Gandhi Intl. Cricket Stadium,Sunrisers Hyderabad
Mumbai Indians,Delhi Capitals,Mumbai Indians,bat,Feroz Shah Kotla Ground,Mumbai Indians
Royal Challengers Bangalore,Kolkata Knight Riders,Kolkata Knight Riders,field,Eden Gardens,Royal Challengers Bangalore
Mumbai Indians,Rajasthan Royals,Rajasthan Royals,field,Sawai Mansingh Stadium,Rajasthan Royals
Kings XI Punjab,Delhi Capitals,Delhi Capitals,field,Feroz Shah Kotla Ground,Delhi Capitals
Kolkata Knight Riders,Sunrisers Hyderabad,Sunrisers Hyderabad,field,Rajiv Gandhi Intl. Cricket Stadium,Sunrisers Hyderabad
Royal Challengers Bangalore,Chennai Super Kings,Chennai Super Kings,field,M. Chinnaswamy Stadium,Royal Challengers Bangalore
Rajasthan Royals,Delhi Capitals,Delhi Capitals,field,Sawai Mansingh Stadium,Delhi Capitals
Sunrisers Hyderabad,Chennai Super Kings,Chennai Super Kings,field,M. A. Chidambaram Stadium,Chennai Super Kings
Royal Challengers Bangalore,Kings XI Punjab,Kings XI Punjab,field,M. Chinnaswamy Stadium,Royal Challengers Bangalore
Kolkata Knight Riders,Rajasthan Royals,Rajasthan Royals,field,Eden Gardens,Rajasthan Royals
Mumbai Indians,Chennai Super Kings,Chennai Super Kings,field,M. A. Chidambaram Stadium,Mumbai Indians
Sunrisers Hyderabad,Rajasthan Royals,Rajasthan Royals,field,Sawai Mansingh Stadium,Rajasthan Royals
Delhi Capitals,Royal Challengers Bangalore,Delhi Capitals,bat,Feroz Shah Kotla Ground,Delhi Capitals
Kolkata Knight Riders,Mumbai Indians,Mumbai Indians,field,Eden Gardens,Kolkata Knight Riders
Sunrisers Hyderabad,Kings XI Punjab,Kings XI Punjab,field,Rajiv Gandhi Intl. Cricket Stadium,Sunrisers Hyderabad
Royal Challengers Bangalore,Rajasthan Royals,Rajasthan Royals,field,M. Chinnaswamy Stadium,
Chennai Super Kings,Delhi Capitals,Delhi Capitals,field,M. A. Chidambaram Stadium,Chennai Super Kings
Mumbai Indians,Sunrisers Hyderabad,Mumbai Indians,bat,Wankhede Stadium,Mumbai Indians
Kings XI Punjab,Kolkata Knight Riders,Kolkata Knight Riders,field,IS Bindra Stadium,Kolkata Knight Riders
Rajasthan Royals,Delhi Capitals,Rajasthan Royals,bat,Feroz Shah Kotla Ground,Delhi Capitals
Sunrisers Hyderabad,Royal Challengers Bangalore,Royal Challengers Bangalore,field,M. Chinnaswamy Stadium,Royal Challengers Bangalore
Chennai Super Kings,Kings XI Punjab,Kings XI Punjab,field,IS Bindra Stadium,Kings XI Punjab
Kolkata Knight Riders,Mumbai Indians,Mumbai Indians,field,Wankhede Stadium,Mumbai Indians
Chennai Super Kings,Mumbai Indians,Chennai Super Kings,bat,M. A. Chidambaram Stadium,Mumbai Indians
Sunrisers Hyderabad,Delhi Capitals,Delhi Capitals,field,ACA-VDCA Stadium,Delhi Capitals
Delhi Capitals,Chennai Super Kings,Chennai Super Kings,field,ACA-VDCA Stadium,Chennai Super Kings
Mumbai Indians,Chennai Super Kings,Mumbai Indians,bat,Rajiv Gandhi Intl. Cricket Stadium,Mumbai Indians
